CTD,,,
#Software Version: CTD_Exchange_Encode_v1.0g (Diggs),,,
#SUMFILE_NAME:     p18su.txt,,,
#SUMFILE_MOD_DATE: Fri Jan  4 13:31:35 2002,,,
#CTDFILE_NAME:     cg394w187.ctd,,,
#CTDFILE_MOD_DATE: Fri Jan  4 13:31:43 2002,,,
#DEPTH_TYPE      : UNC,,,
#EVENT_CODE      : BO,,,
NUMBER_HEADERS = 10,,,
EXPOCODE = 31DSCG94_3,,,
SECT = P18N,,,
STNNBR =   187,,,
CASTNO =     1,,,
DATE = 19940424,,,
TIME =  1235,,,
LATITUDE =   20.4983,,,
LONGITUDE = -110.0000,,,
DEPTH =  3138,,,
CTDPRS,CTDTMP,CTDSAL,CTDOXY
DBAR,ITS-90,PSS-78,UMOL/KG
0,24.1298,34.7794,209.3
1,24.1298,34.7791,209.3
2,24.1298,34.7788,209.3
3,24.1298,34.7784,209.3
4,24.1298,34.7781,209.3
5,24.1298,34.7778,209.3
6,24.1255,34.7801,209.3
7,24.1229,34.7824,209.3
8,24.1197,34.7847,209.3
9,24.1231,34.787,209.3
10,24.1188,34.7894,209.3
11,24.1181,34.7908,209.3
12,24.1135,34.791,209.3
13,24.1206,34.7906,209.3
14,24.13,34.7903,209.3
15,24.13,34.7904,209.3
16,24.1305,34.7903,209.3
17,24.1311,34.7903,209.3
18,24.1324,34.7903,207.1
19,24.1302,34.7905,208
20,24.1293,34.7905,209.2
21,24.1296,34.7906,210.1
22,24.1293,34.7905,209.9
23,24.1313,34.7904,209.5
24,24.1301,34.7905,208.3
25,24.1348,34.7897,207.2
26,24.1337,34.7895,205
27,24.1355,34.7894,203.4
28,24.1308,34.7897,202.7
29,24.1057,34.7892,202.8
30,23.976,34.785,202.9
31,23.5892,34.7371,205.5
32,23.1269,34.7149,208.7
33,22.7398,34.6735,212.3
34,22.4837,34.6396,214.1
35,22.3512,34.6093,215.1
36,22.3004,34.6003,214.2
37,22.1333,34.5896,214.3
38,21.9694,34.5667,214.2
39,21.8109,34.5449,213.3
40,21.6497,34.5288,212.5
41,21.5486,34.5384,211.4
42,21.5732,34.5563,209.3
43,21.507,34.5704,209.2
44,21.3414,34.55,208.1
45,21.1221,34.5147,219
46,21.025,34.5038,223.5
47,20.9861,34.5152,221.5
48,20.914,34.5284,216.8
49,20.8742,34.5351,210.9
50,20.697,34.5698,210.7
51,20.5967,34.6104,210.2
52,20.3762,34.6076,190.8
53,20.1756,34.6078,184.1
54,19.9212,34.6034,169.9
55,19.738,34.6001,151.5
56,19.6264,34.595,138.3
57,19.5689,34.5891,117
58,19.3338,34.5784,105.6
59,19.1889,34.587,106.8
60,19.0557,34.5845,82
61,18.777,34.5897,79.8
62,18.5729,34.5919,73.5
63,18.5392,34.5909,72
64,18.4345,34.589,70.6
65,18.355,34.5838,69.1
66,18.2995,34.5813,67.7
67,18.2558,34.5858,66.2
68,18.1853,34.5899,64.8
69,18.1096,34.5854,63.3
70,18.0172,34.5812,61.9
71,17.9615,34.576,60.4
72,17.804,34.5692,59
73,17.5471,34.5741,57.5
74,17.1565,34.536,56
75,16.8316,34.5331,54.6
76,16.7761,34.5383,48.8
77,16.7653,34.5395,48
78,16.7421,34.5397,47.2
79,16.6296,34.5325,46.4
80,16.3495,34.5284,45.6
81,16.2272,34.5308,44.8
82,16.1686,34.5328,44
83,16.1026,34.5332,43.2
84,15.9069,34.5369,42.4
85,15.7174,34.5395,41.6
86,15.6381,34.5428,40.8
87,15.6192,34.546,40
88,15.617,34.5709,39.2
89,15.5668,34.5729,38.4
90,15.466,34.5641,37.6
91,15.3512,34.5654,36.8
92,15.2774,34.573,36
93,15.2341,34.5784,35.2
94,15.1574,34.5864,34.4
95,15.0133,34.5801,33.6
96,14.8246,34.5745,32.8
97,14.7402,34.5799,32
98,14.7252,34.5806,31.2
99,14.7108,34.582,30.4
100,14.6415,34.584,33
101,14.5797,34.5846,36.2
102,14.5125,34.5899,38.1
103,14.4587,34.586,39.9
104,14.4009,34.5814,38.2
105,14.3114,34.5761,37.5
106,14.2918,34.5778,37.8
107,14.2705,34.5795,39.1
108,14.2664,34.583,38.9
109,14.2618,34.5844,38.2
110,14.2412,34.5864,38
111,14.2098,34.5891,38.8
112,14.2,34.5923,40.8
113,14.1757,34.5969,41.9
114,14.15,34.6003,41.6
115,14.1325,34.6037,40.6
116,14.1177,34.6076,39.4
117,14.1002,34.611,38.5
118,14.0965,34.6131,38.3
119,14.0514,34.616,38.4
120,13.9861,34.6055,39.1
121,13.8892,34.609,37.7
122,13.8879,34.6193,36.2
123,13.8682,34.6216,36.6
124,13.8341,34.6279,36.8
125,13.7934,34.6355,36
126,13.7459,34.6503,34.1
127,13.7348,34.6618,31
128,13.7037,34.6594,27.7
129,13.6407,34.6562,25
130,13.636,34.66,22.4
131,13.6332,34.6763,21.4
132,13.6313,34.678,20.8
133,13.6127,34.6821,19.8
134,13.5845,34.6891,18.6
135,13.5091,34.6861,18.1
136,13.431,34.6787,18.1
137,13.3652,34.6894,18.1
138,13.3466,34.7085,16.9
139,13.327,34.7159,15.6
140,13.3179,34.7178,15
141,13.3099,34.7189,13.8
142,13.2733,34.7217,13.1
143,13.2018,34.7234,12.7
144,13.1167,34.7211,12.8
145,13.0779,34.7192,10.9
146,13.0714,34.7182,9.2
147,13.0591,34.7185,7.9
148,13.0215,34.7172,8
149,12.995,34.7157,7.8
150,12.9801,34.7148,8.2
151,12.9767,34.7165,9.3
152,12.9835,34.723,11.7
153,12.9801,34.7282,13.7
154,12.9585,34.7346,14.8
155,12.9339,34.7387,13.9
156,12.9177,34.7384,12.8
157,12.8792,34.7389,11.8
158,12.8647,34.7397,11.3
159,12.8507,34.7405,10.8
160,12.8415,34.74,11
161,12.812,34.7407,11
162,12.8055,34.7408,11
163,12.8008,34.7408,10.9
164,12.7907,34.7394,11
165,12.7706,34.7383,11.1
166,12.7397,34.7374,11.2
167,12.6921,34.7344,10.4
168,12.6724,34.7344,10
169,12.6491,34.733,9.7
170,12.6264,34.7346,9.6
171,12.6048,34.7392,9.8
172,12.5817,34.7416,10.1
173,12.5445,34.7353,10.2
174,12.5093,34.732,10
175,12.4996,34.7318,9.6
176,12.4855,34.7314,9.4
177,12.4544,34.7322,9.2
178,12.4481,34.7365,9.5
179,12.4414,34.7366,10
180,12.4376,34.7367,10.5
181,12.4342,34.7366,11.1
182,12.4304,34.7393,11.3
183,12.4197,34.7422,11.3
184,12.4054,34.743,10.9
185,12.3946,34.745,10
186,12.3827,34.7457,9.1
187,12.3671,34.747,8.3
188,12.3593,34.7489,7.8
189,12.3314,34.7473,7.5
190,12.3115,34.7481,7.1
191,12.3011,34.7475,7.4
192,12.2917,34.7466,8.1
193,12.2765,34.7454,8.5
194,12.2561,34.7444,8.7
195,12.2302,34.7435,8.6
196,12.2038,34.7425,8.3
197,12.1945,34.7424,8.1
198,12.1953,34.7422,7.6
199,12.1914,34.7421,7.1
200,12.1535,34.7392,6.8
201,12.1314,34.7388,6.3
202,12.0948,34.7387,6.3
203,12.0588,34.7377,6.3
204,12.0493,34.7379,6.5
205,12.0445,34.7373,7.2
206,12.0324,34.736,7.8
207,12.0138,34.736,8
208,12.0032,34.7357,8.3
209,11.9996,34.7355,8
210,12.0001,34.7356,7.6
211,11.9705,34.7328,7.3
212,11.9454,34.7319,6.7
213,11.936,34.7313,6.4
214,11.929,34.7308,6.2
215,11.9113,34.7297,6
216,11.8875,34.7299,6.2
217,11.8366,34.7316,6.4
218,11.8151,34.7306,6.9
219,11.787,34.7273,7
220,11.7821,34.7288,6.9
221,11.7835,34.7297,6.8
222,11.7499,34.7262,6.8
223,11.7132,34.7231,6.6
224,11.7004,34.7206,6.2
225,11.6964,34.7192,6
226,11.668,34.7174,6
227,11.6533,34.7166,5.9
228,11.6364,34.7163,5.7
229,11.6107,34.7155,5.6
230,11.5852,34.7151,5.6
231,11.566,34.7163,5.6
232,11.5382,34.7167,5.6
233,11.5202,34.7182,5.7
234,11.5105,34.7165,5.8
235,11.4847,34.7147,5.9
236,11.4628,34.7156,5.9
237,11.446,34.7156,5.8
238,11.4379,34.7154,6
239,11.4277,34.7145,6
240,11.4169,34.7135,5.6
241,11.4006,34.7119,5.2
242,11.3788,34.7108,5.1
243,11.3659,34.7107,5
244,11.3595,34.7102,5.1
245,11.3479,34.7092,4.8
246,11.3292,34.7074,4.9
247,11.312,34.7056,5.1
248,11.2972,34.704,5.2
249,11.2829,34.7025,5
250,11.2564,34.7017,5.3
251,11.243,34.7017,5.4
252,11.2272,34.6994,5.4
253,11.2107,34.6981,5.3
254,11.2056,34.6978,5.1
255,11.1989,34.697,4.8
256,11.1826,34.6948,4.8
257,11.1821,34.6953,4.3
258,11.138,34.6913,4
259,11.099,34.6895,3.7
260,11.0756,34.688,3.7
261,11.042,34.6862,3.7
262,11.0203,34.6849,4
263,10.9961,34.6835,4.1
264,10.974,34.6807,4.4
265,10.9239,34.6772,4.3
266,10.8996,34.676,4.3
267,10.8924,34.6757,4.2
268,10.8797,34.6746,4.2
269,10.8638,34.6737,4
270,10.8459,34.6729,3.9
271,10.8346,34.6722,3.7
272,10.7989,34.6691,3.7
273,10.7647,34.6669,3.6
274,10.7099,34.6626,3.8
275,10.691,34.6616,3.9
276,10.6727,34.6604,3.7
277,10.6672,34.6605,3.7
278,10.6636,34.6606,3.8
279,10.6566,34.661,3.8
280,10.6458,34.661,3.9
281,10.6334,34.6607,3.8
282,10.6141,34.659,3.6
283,10.5812,34.6566,3.4
284,10.5499,34.6542,3.3
285,10.5393,34.6539,3.5
286,10.5185,34.6536,3.7
287,10.5032,34.6526,3.6
288,10.4907,34.6521,3.4
289,10.4826,34.652,3.3
290,10.4695,34.6506,3.2
291,10.4551,34.6493,3.4
292,10.4361,34.6483,3.2
293,10.4192,34.6473,3.3
294,10.405,34.6465,3.1
295,10.3927,34.6457,2.9
296,10.3781,34.6446,2.8
297,10.3655,34.644,2.8
298,10.3399,34.6423,2.8
299,10.33,34.6423,3.1
300,10.3218,34.642,3
301,10.3194,34.6435,3.1
302,10.3142,34.6448,3
303,10.3056,34.6443,3
304,10.282,34.6419,3
305,10.2654,34.6428,3
306,10.2493,34.6412,2.9
307,10.2315,34.6393,2.6
308,10.2211,34.6382,2.6
309,10.2055,34.638,2.8
310,10.2064,34.6384,2.8
311,10.1727,34.6366,2.8
312,10.1437,34.6341,2.7
313,10.1272,34.6335,2.7
314,10.1244,34.6333,2.8
315,10.1233,34.6334,2.6
316,10.1193,34.6329,2.2
317,10.0924,34.6309,2.1
318,10.0642,34.6293,2.2
319,10.041,34.6287,2.4
320,10.0134,34.6265,2.5
321,9.9682,34.623,2.7
322,9.9521,34.6213,3
323,9.9292,34.6198,2.9
324,9.9086,34.6194,2.7
325,9.8818,34.6181,2.1
326,9.8669,34.6177,1.9
327,9.8605,34.6166,1.7
328,9.8503,34.6161,1.6
329,9.8384,34.6157,1.7
330,9.8384,34.6159,1.9
331,9.8357,34.6157,2.4
332,9.8289,34.6154,3
333,9.8186,34.6144,2.9
334,9.8008,34.6133,2.8
335,9.7981,34.615,2.8
336,9.7889,34.6131,2.6
337,9.7439,34.6079,2.4
338,9.7144,34.6063,2.1
339,9.6941,34.605,1.9
340,9.682,34.6041,1.8
341,9.6773,34.6052,1.7
342,9.669,34.6061,1.6
343,9.6603,34.609,1.8
344,9.6322,34.6082,1.9
345,9.602,34.6081,2.1
346,9.5924,34.6076,2.5
347,9.5845,34.6077,2.6
348,9.5786,34.6076,2.8
349,9.5725,34.6073,2.8
350,9.5658,34.607,2.6
351,9.5448,34.6056,2.4
352,9.5186,34.6043,2.1
353,9.5106,34.6041,1.6
354,9.5103,34.6042,1.3
355,9.4983,34.6033,1.2
356,9.4827,34.6025,1.1
357,9.4681,34.6017,1.1
358,9.4546,34.6009,1.3
359,9.4384,34.5996,1.9
360,9.3972,34.5975,2.3
361,9.3783,34.5965,2.3
362,9.3655,34.5954,2.3
363,9.3474,34.5938,2.3
364,9.3128,34.5904,2.2
365,9.2627,34.5881,2.1
366,9.2476,34.5868,1.8
367,9.2209,34.5859,1.9
368,9.1896,34.5841,1.6
369,9.1454,34.5823,1.4
370,9.1065,34.5811,1.3
371,9.0919,34.5805,1.3
372,9.0787,34.5789,1.3
373,9.0606,34.5764,1.4
374,9.0477,34.5754,1.1
375,9.024,34.5745,1.4
376,9,34.5734,1.5
377,8.9837,34.5728,1.6
378,8.9329,34.5711,1.7
379,8.9118,34.5712,1.8
380,8.887,34.5688,1.8
381,8.8676,34.5669,1.8
382,8.8469,34.5646,1.9
383,8.8008,34.5612,1.9
384,8.7637,34.5575,1.9
385,8.7326,34.5558,2.1
386,8.7262,34.5553,2.2
387,8.7147,34.5546,2.2
388,8.7047,34.5535,2
389,8.7017,34.5533,2
390,8.69,34.5529,1.9
391,8.6885,34.5576,1.9
392,8.6787,34.5582,1.5
393,8.6394,34.5555,1.4
394,8.6109,34.5565,1.2
395,8.5963,34.5565,1.2
396,8.591,34.5562,1
397,8.5724,34.5547,1.1
398,8.5657,34.555,1.1
399,8.5643,34.555,1.3
400,8.5551,34.5538,1.2
401,8.5081,34.5488,1.2
402,8.4557,34.5449,1.1
403,8.4447,34.5449,1.4
404,8.4349,34.5448,1.4
405,8.4333,34.5453,1.5
406,8.429,34.5448,1.5
407,8.418,34.544,1.5
408,8.3812,34.5408,1.5
409,8.3444,34.5393,1.6
410,8.3338,34.5381,1.6
411,8.324,34.5373,1.6
412,8.3173,34.5368,1.6
413,8.309,34.5368,1.6
414,8.3046,34.5368,1.7
415,8.3009,34.5367,1.7
416,8.2962,34.5366,1.7
417,8.2854,34.5368,1.7
418,8.2782,34.5367,1.8
419,8.272,34.5368,1.7
420,8.2651,34.5366,1.5
421,8.2524,34.5361,1.4
422,8.2429,34.5355,1.3
423,8.2317,34.5351,1.3
424,8.2245,34.5349,1.2
425,8.2169,34.5349,1
426,8.2141,34.5347,1.1
427,8.21,34.5348,1.2
428,8.2011,34.5346,1.3
429,8.1882,34.5351,1.3
430,8.1854,34.5351,1.2
431,8.1757,34.5359,1.4
432,8.1669,34.5363,1.6
433,8.1644,34.5367,1.4
434,8.1659,34.537,1.4
435,8.1624,34.5373,1.5
436,8.1625,34.5373,1.5
437,8.1625,34.5378,1.5
438,8.1613,34.5379,1.3
439,8.1621,34.5383,1.1
440,8.1615,34.5383,1.1
441,8.1591,34.5385,1
442,8.1573,34.5385,0.9
443,8.1435,34.5383,0.8
444,8.1343,34.5386,0.9
445,8.1219,34.5387,1.2
446,8.1048,34.5383,1.5
447,8.0946,34.5381,1.5
448,8.0867,34.5382,1.6
449,8.0773,34.5383,1.3
450,8.0712,34.538,1.2
451,8.0621,34.5379,1
452,8.0475,34.5374,0.8
453,8.0255,34.5374,0.6
454,8.0171,34.5371,0.5
455,8.0141,34.5369,0.4
456,8.0095,34.5363,0.5
457,8.0051,34.5359,0.4
458,7.9968,34.5357,0.6
459,7.9813,34.5351,0.8
460,7.9658,34.535,0.8
461,7.9623,34.5351,0.6
462,7.9601,34.5352,0.6
463,7.9589,34.5353,0.5
464,7.954,34.5346,0.8
465,7.9385,34.5343,0.8
466,7.9192,34.5333,1
467,7.8878,34.5321,1
468,7.8817,34.5321,1
469,7.8515,34.529,1
470,7.8165,34.5277,1
471,7.8122,34.5274,1
472,7.8047,34.5274,1
473,7.7902,34.5269,1
474,7.7672,34.5255,1
475,7.7404,34.5243,1
476,7.7154,34.523,1
477,7.6966,34.5218,1
478,7.6857,34.521,1
479,7.6764,34.5205,1
480,7.6588,34.521,1
481,7.6476,34.522,1
482,7.6471,34.5225,1.1
483,7.6342,34.5218,1
484,7.626,34.5236,1
485,7.6255,34.5241,1
486,7.623,34.5252,1.1
487,7.614,34.5245,1.2
488,7.6082,34.5244,1.2
489,7.6047,34.5241,1
490,7.5991,34.5236,1
491,7.5935,34.5229,0.9
492,7.59,34.5227,0.8
493,7.5757,34.5216,0.7
494,7.5652,34.5213,0.5
495,7.5587,34.5211,0.4
496,7.5465,34.5209,0.3
497,7.5476,34.5223,0.3
498,7.5501,34.5242,0.4
499,7.5482,34.5278,0.6
500,7.5475,34.53,0.7
501,7.5409,34.5316,0.9
502,7.5337,34.532,0.8
503,7.5286,34.5321,0.7
504,7.5245,34.5325,0.6
505,7.5142,34.5323,0.5
506,7.4778,34.53,0.4
507,7.4643,34.5294,0.4
508,7.463,34.5291,0.2
509,7.461,34.5288,0.2
510,7.4581,34.5286,0.3
511,7.4536,34.5283,0.6
512,7.4487,34.5279,0.7
513,7.4454,34.5275,0.7
514,7.4324,34.5263,0.7
515,7.4104,34.5253,0.7
516,7.4068,34.5253,0.7
517,7.3939,34.5241,0.7
518,7.3733,34.5228,0.8
519,7.3623,34.5219,0.7
520,7.3521,34.5215,0.8
521,7.3325,34.5206,0.7
522,7.3118,34.5196,0.7
523,7.2939,34.5181,0.7
524,7.2737,34.5158,0.5
525,7.2497,34.5156,0.5
526,7.245,34.5155,0.5
527,7.2291,34.5142,0.3
528,7.2214,34.5137,0.5
529,7.217,34.5137,0.6
530,7.215,34.5136,0.5
531,7.2149,34.5137,0.6
532,7.2148,34.5139,0.4
533,7.213,34.5139,0.5
534,7.2074,34.5138,0.6
535,7.1998,34.5141,0.4
536,7.1881,34.5136,0.4
537,7.1454,34.5114,0.7
538,7.1312,34.5124,0.6
539,7.1202,34.5112,0.7
540,7.0903,34.5105,0.6
541,7.0737,34.509,0.7
542,7.0666,34.5085,0.9
543,7.0672,34.5087,1
544,7.0489,34.5078,0.7
545,7.0385,34.5084,0.7
546,7.0285,34.5085,0.4
547,7.0244,34.5081,0.3
548,7.0151,34.5076,0.5
549,6.9916,34.5067,0.4
550,6.9905,34.5068,0.4
551,6.9463,34.5034,0.4
552,6.9058,34.5038,0.2
553,6.8963,34.5039,0.4
554,6.8912,34.5041,0.4
555,6.877,34.5037,0
556,6.8691,34.5035,0.5
557,6.8667,34.5037,0.6
558,6.8633,34.5038,0.8
559,6.8506,34.5031,0.7
560,6.8419,34.5029,0.7
561,6.8384,34.5028,0.9
562,6.8132,34.5012,1.2
563,6.8032,34.5022,1
564,6.7904,34.5018,0.9
565,6.7889,34.5018,0.6
566,6.7608,34.5009,0.7
567,6.76,34.5014,0.6
568,6.7577,34.5015,0.7
569,6.7534,34.5011,0.8
570,6.7446,34.5012,1
571,6.7393,34.5016,1
572,6.7353,34.5018,0.9
573,6.7219,34.5013,0.7
574,6.7132,34.5009,0.7
575,6.7083,34.5004,0.7
576,6.7025,34.5,0.7
577,6.6933,34.4992,0.7
578,6.6858,34.4987,0.7
579,6.6591,34.4985,0.7
580,6.6336,34.4986,0.7
581,6.6295,34.5016,0.7
582,6.6318,34.5025,0.7
583,6.6335,34.503,0.7
584,6.6332,34.5032,0.7
585,6.6317,34.5037,0.7
586,6.6293,34.5045,0.7
587,6.6198,34.5054,0.7
588,6.6124,34.5056,0.7
589,6.6109,34.5054,0.7
590,6.6096,34.5055,0.7
591,6.6059,34.5056,0.7
592,6.5967,34.5051,0.7
593,6.5859,34.5047,0.7
594,6.5615,34.5034,0.7
595,6.5499,34.5026,0.7
596,6.5367,34.5018,0.7
597,6.515,34.5005,0.7
598,6.4983,34.4999,0.7
599,6.4824,34.4994,0.7
600,6.4726,34.499,0.7
601,6.4696,34.4989,0.7
602,6.4682,34.499,0.7
603,6.4619,34.4983,0.7
604,6.4421,34.498,0.7
605,6.436,34.4983,0.7
606,6.4334,34.4983,0.7
607,6.4306,34.4987,0.7
608,6.429,34.4987,0.7
609,6.4269,34.4989,0.7
610,6.4237,34.4988,0.7
611,6.4117,34.4988,0.7
612,6.4005,34.4984,0.7
613,6.3864,34.4978,0.7
614,6.3823,34.498,0.7
615,6.3816,34.4988,0.7
616,6.3771,34.4993,0.7
617,6.3671,34.5001,0.7
618,6.3552,34.5,0.7
619,6.3517,34.5,0.7
620,6.3461,34.5001,0.7
621,6.3382,34.4998,0.7
622,6.3317,34.4992,0.7
623,6.329,34.4992,0.7
624,6.3249,34.4991,0.7
625,6.3205,34.499,0.7
626,6.304,34.4986,0.7
627,6.2899,34.499,0.7
628,6.2943,34.4997,0.7
629,6.2778,34.4997,0.7
630,6.2598,34.5003,0.7
631,6.2486,34.4993,0.7
632,6.2383,34.4987,0.7
633,6.2206,34.4966,0.7
634,6.2127,34.4968,0.7
635,6.2127,34.497,0.6
636,6.2122,34.4968,0.5
637,6.2112,34.4968,0.5
638,6.2125,34.4971,0.4
639,6.2003,34.4967,0.5
640,6.1765,34.4972,0.6
641,6.1716,34.4972,0.7
642,6.1535,34.4966,0.8
643,6.1376,34.4966,1
644,6.1336,34.4969,1.2
645,6.1336,34.4968,1.4
646,6.1225,34.4967,1.6
647,6.0969,34.4973,1.7
648,6.0938,34.4976,1.7
649,6.0936,34.4974,1.7
650,6.0928,34.4972,1.6
651,6.089,34.4972,1.6
652,6.0753,34.4968,1.6
653,6.0689,34.4971,1.6
654,6.0771,34.4972,1.4
655,6.0506,34.4971,1.3
656,6.0411,34.4969,1.1
657,6.0297,34.4968,1.2
658,6.0204,34.4967,1.1
659,6.0108,34.4967,1.1
660,6.007,34.4966,1.1
661,6.0053,34.4967,1.1
662,6.0022,34.4965,1.1
663,5.9959,34.4965,1.1
664,5.9873,34.4971,1.1
665,5.9832,34.4973,1.1
666,5.9766,34.4971,1.1
667,5.9728,34.498,1.1
668,5.9606,34.4977,1.1
669,5.9501,34.4971,1.1
670,5.9444,34.4963,1.1
671,5.9312,34.4956,1.1
672,5.9204,34.4959,1.1
673,5.9164,34.4959,1.1
674,5.9127,34.4961,1.1
675,5.9123,34.4962,1.1
676,5.9121,34.4963,1.1
677,5.9068,34.4964,1.1
678,5.8942,34.4965,1.1
679,5.8851,34.4972,1
680,5.8799,34.497,1
681,5.8653,34.4969,1
682,5.8597,34.4971,1
683,5.8541,34.4969,1
684,5.8513,34.4968,1.1
685,5.8481,34.4969,1.1
686,5.8415,34.4969,1.2
687,5.834,34.4974,1.3
688,5.8274,34.4976,1.2
689,5.8192,34.4977,1.3
690,5.8004,34.4979,1.4
691,5.7904,34.4981,1.5
692,5.786,34.4987,1.8
693,5.7826,34.4991,1.8
694,5.7806,34.4993,2
695,5.7756,34.4995,2.2
696,5.7726,34.4999,2.1
697,5.7716,34.4997,2.2
698,5.7691,34.4999,2
699,5.766,34.5004,1.8
700,5.7585,34.5007,1.7
701,5.7435,34.4995,1.5
702,5.7474,34.4998,1.4
703,5.7332,34.5011,1.5
704,5.715,34.4997,1.6
705,5.7064,34.5005,1.7
706,5.7036,34.5018,1.6
707,5.7028,34.503,1.6
708,5.7011,34.5037,1.6
709,5.6983,34.5041,1.5
710,5.6957,34.5042,1.5
711,5.6876,34.5043,1.5
712,5.6755,34.5053,1.5
713,5.6703,34.5053,1.5
714,5.6636,34.5051,1.5
715,5.6543,34.5042,1.5
716,5.6501,34.5035,1.5
717,5.6215,34.5028,1.5
718,5.6164,34.503,1.5
719,5.6001,34.5014,1.5
720,5.5909,34.5008,1.5
721,5.5869,34.5008,1.5
722,5.5858,34.5005,1.5
723,5.5783,34.4998,1.4
724,5.5682,34.4989,1.2
725,5.5531,34.4973,1.2
726,5.5453,34.4975,1.3
727,5.5434,34.4982,1.4
728,5.544,34.4996,1.5
729,5.5465,34.5013,1.6
730,5.545,34.5017,1.9
731,5.5446,34.5021,2.1
732,5.5435,34.5027,2.3
733,5.5415,34.503,2.3
734,5.5395,34.504,2.4
735,5.5393,34.5055,2.3
736,5.5403,34.5063,2.2
737,5.5332,34.5084,2
738,5.5262,34.5103,1.9
739,5.5221,34.5109,1.8
740,5.5172,34.5109,1.9
741,5.5107,34.5111,1.8
742,5.5048,34.5115,1.7
743,5.5025,34.5113,1.8
744,5.4916,34.5108,1.7
745,5.4831,34.5118,1.8
746,5.4736,34.5121,1.9
747,5.4637,34.5119,1.6
748,5.4445,34.5115,1.5
749,5.4348,34.5113,1.4
750,5.4279,34.5111,1.3
751,5.4228,34.5109,1.3
752,5.4212,34.5107,1.2
753,5.4202,34.5105,1.2
754,5.4144,34.5104,1.5
755,5.3992,34.5104,1.7
756,5.3916,34.5107,1.8
757,5.3843,34.5107,2.1
758,5.3732,34.511,2.1
759,5.3629,34.5115,2
760,5.3533,34.511,1.8
761,5.3459,34.5107,1.6
762,5.343,34.5104,1.6
763,5.3351,34.51,1.5
764,5.3318,34.51,1.4
765,5.3316,34.5108,1.5
766,5.3325,34.5114,1.7
767,5.3311,34.5122,1.8
768,5.3241,34.5116,2
769,5.314,34.5108,2.1
770,5.3112,34.51,2.3
771,5.2996,34.5097,2.5
772,5.2959,34.5095,2.4
773,5.2893,34.51,2.5
774,5.2835,34.5106,2.4
775,5.2778,34.5107,2.3
776,5.2745,34.5108,2.1
777,5.2724,34.5109,1.7
778,5.2693,34.5111,1.6
779,5.2718,34.5126,1.6
780,5.2703,34.5128,1.6
781,5.2606,34.5127,1.7
782,5.252,34.5134,1.9
783,5.2485,34.5138,2.2
784,5.2441,34.5138,2.6
785,5.2336,34.5133,2.8
786,5.2291,34.5129,3.1
787,5.2262,34.5126,3.3
788,5.2182,34.512,3.4
789,5.2111,34.5117,3.3
790,5.2052,34.5116,3
791,5.1995,34.5117,2.8
792,5.191,34.5113,2.8
793,5.1834,34.5115,2.6
794,5.1817,34.5115,2.4
795,5.1802,34.5116,2.2
796,5.1785,34.5117,2.1
797,5.1766,34.5121,2.2
798,5.1742,34.5122,2.1
799,5.1764,34.5131,2.2
800,5.18,34.5152,2.5
801,5.181,34.5164,2.8
802,5.1803,34.5169,3
803,5.1798,34.517,3.2
804,5.179,34.5173,3.2
805,5.1758,34.5173,3.2
806,5.1699,34.5171,3.1
807,5.1637,34.5176,2.8
808,5.1622,34.5174,2.4
809,5.1593,34.5175,2.2
810,5.1529,34.5173,2.2
811,5.1474,34.5171,2.1
812,5.143,34.5171,2.1
813,5.1416,34.5168,2.1
814,5.1338,34.5159,2.2
815,5.1259,34.5149,2.4
816,5.1145,34.5145,2.4
817,5.1053,34.5144,2.4
818,5.0987,34.5144,2.6
819,5.0927,34.5142,2.6
820,5.0859,34.5135,3.1
821,5.0846,34.5138,3.3
822,5.0844,34.5141,3.2
823,5.0812,34.5139,3.2
824,5.0757,34.5139,3.3
825,5.0734,34.5138,3.1
826,5.0684,34.5135,2.9
827,5.0591,34.5134,2.6
828,5.0496,34.5135,2.7
829,5.0458,34.5139,3.1
830,5.0427,34.5142,3.4
831,5.0338,34.5141,3.6
832,5.015,34.5141,3.9
833,5.0033,34.514,3.8
834,4.9987,34.5139,3.8
835,4.9972,34.5141,3.8
836,4.994,34.514,3.6
837,4.9867,34.514,3.6
838,4.9725,34.5143,3.7
839,4.9686,34.5143,3.9
840,4.9649,34.5145,4.3
841,4.9621,34.5144,4.5
842,4.9566,34.5146,4.6
843,4.9517,34.5151,4.8
844,4.9492,34.5151,4.8
845,4.9432,34.5149,4.1
846,4.9393,34.5152,3.5
847,4.9395,34.5152,3.1
848,4.9296,34.5145,3.3
849,4.9166,34.5148,3.5
850,4.9123,34.5148,3.6
851,4.9033,34.5146,3.7
852,4.8982,34.5149,4.3
853,4.8932,34.5149,4.4
854,4.8868,34.5152,4.7
855,4.8859,34.5153,4.9
856,4.8851,34.5153,5.2
857,4.8819,34.5152,5.3
858,4.8776,34.5153,5.2
859,4.8677,34.5154,4.7
860,4.857,34.5158,4.8
861,4.8537,34.5158,5.1
862,4.8509,34.516,5.3
863,4.844,34.5165,5.3
864,4.8392,34.5166,5.3
865,4.8358,34.5168,5.3
866,4.834,34.5168,5.6
867,4.8329,34.517,5.7
868,4.8325,34.5171,6
869,4.8319,34.5171,6.2
870,4.8279,34.5172,6.2
871,4.8217,34.5171,6
872,4.8099,34.5172,5.6
873,4.8055,34.5173,5.4
874,4.7975,34.518,5.6
875,4.7926,34.5191,5.7
876,4.7915,34.5191,5.7
877,4.7899,34.5191,5.9
878,4.7888,34.5196,5.9
879,4.7899,34.5196,6
880,4.789,34.5202,6
881,4.7873,34.521,5.9
882,4.7874,34.5215,5.8
883,4.7853,34.5216,5.1
884,4.7748,34.5207,4.6
885,4.7628,34.5204,4.6
886,4.7588,34.5202,4.8
887,4.753,34.52,5
888,4.7502,34.5216,5.3
889,4.7502,34.5227,5.7
890,4.7457,34.5229,6.5
891,4.7376,34.5234,6.8
892,4.7306,34.523,7
893,4.7158,34.5221,7.1
894,4.7075,34.5213,7
895,4.7058,34.5213,6.7
896,4.7063,34.5219,6
897,4.706,34.522,5.4
898,4.7088,34.5237,5.3
899,4.7153,34.5258,5.2
900,4.7142,34.5265,5.3
901,4.7108,34.5266,5.5
902,4.7068,34.5265,5.9
903,4.7063,34.5268,6.3
904,4.7073,34.5272,6.6
905,4.7023,34.527,7
906,4.6985,34.5269,7.2
907,4.695,34.5264,7.3
908,4.6773,34.5244,7.3
909,4.6553,34.5237,7
910,4.6478,34.523,6.5
911,4.6395,34.5231,6.1
912,4.6394,34.523,5.8
913,4.6394,34.5231,5.6
914,4.6369,34.5232,5.8
915,4.635,34.5236,6
916,4.631,34.5239,6.3
917,4.6307,34.5241,6.8
918,4.6304,34.5243,7.2
919,4.622,34.5248,7.4
920,4.6175,34.5259,7.6
921,4.6205,34.5275,7.7
922,4.6217,34.528,7.6
923,4.6219,34.5283,7.4
924,4.6054,34.5267,6.9
925,4.5923,34.526,6.6
926,4.5887,34.5261,6.7
927,4.5871,34.5264,6.6
928,4.5866,34.5266,6.7
929,4.5867,34.5267,7.1
930,4.5864,34.528,7.2
931,4.5817,34.5292,7.5
932,4.5815,34.5297,7.8
933,4.581,34.5307,7.9
934,4.582,34.5311,7.9
935,4.5844,34.5329,8
936,4.5827,34.533,7.8
937,4.5795,34.5331,7.7
938,4.5769,34.5334,7.3
939,4.5759,34.5336,7
940,4.5752,34.5335,7
941,4.574,34.5336,7
942,4.5727,34.5339,7
943,4.5712,34.5342,7
944,4.5707,34.5343,7
945,4.5702,34.5342,7
946,4.5697,34.5342,7
947,4.5681,34.5343,7
948,4.5651,34.5344,7
949,4.5627,34.5345,7
950,4.562,34.5344,7
951,4.5615,34.5344,7
952,4.5614,34.5346,7
953,4.5615,34.5347,7
954,4.5604,34.5349,7
955,4.5582,34.5358,7
956,4.5563,34.5359,7
957,4.556,34.536,7
958,4.5541,34.5359,7
959,4.5465,34.5358,7
960,4.541,34.5361,7.1
961,4.5379,34.5364,7.1
962,4.5359,34.5366,7.1
963,4.5324,34.5366,7.1
964,4.5253,34.5368,6.9
965,4.5127,34.5371,6.5
966,4.5022,34.5374,6.4
967,4.4978,34.5372,6.4
968,4.4904,34.5374,6.6
969,4.4872,34.5375,6.9
970,4.4768,34.5376,7.2
971,4.4713,34.5378,7.7
972,4.4749,34.538,8.4
973,4.4593,34.5385,8.6
974,4.4491,34.5386,8.8
975,4.4442,34.5391,8.7
976,4.4407,34.5387,8.4
977,4.4312,34.5391,7.9
978,4.4252,34.5393,7.4
979,4.4209,34.5394,7.1
980,4.4176,34.5395,7.4
981,4.425,34.5392,7.7
982,4.4116,34.5398,8.3
983,4.4114,34.5395,8.7
984,4.4111,34.5399,8.8
985,4.4111,34.5399,8.9
986,4.4111,34.5399,8.8
987,4.4091,34.5399,8.7
988,4.4065,34.5402,8.5
989,4.4052,34.5403,8.2
990,4.4048,34.5404,8.2
991,4.404,34.5405,8.7
992,4.4024,34.5404,8.9
993,4.3998,34.5406,9.3
994,4.3957,34.5406,9.4
995,4.3879,34.5409,9.5
996,4.3834,34.541,9.5
997,4.379,34.5411,9.1
998,4.3726,34.5413,8.6
999,4.3681,34.5414,8.6
1000,4.3617,34.5416,8.5
1001,4.3583,34.5416,8.9
1002,4.3601,34.5415,9.1
1003,4.3551,34.5416,9.3
1004,4.3438,34.542,9.7
1005,4.3418,34.5421,9.8
1006,4.3341,34.5423,9.9
1007,4.3308,34.5424,9.8
1008,4.3254,34.5426,9.1
1009,4.3193,34.5425,8.8
1010,4.3131,34.5429,8.6
1011,4.3108,34.543,8.4
1012,4.3082,34.5431,8.6
1013,4.3028,34.5431,8.8
1014,4.302,34.5431,8.9
1015,4.3016,34.5431,9.5
1016,4.2978,34.5434,9.8
1017,4.2908,34.5434,10.1
1018,4.2838,34.544,10.4
1019,4.2834,34.544,10.6
1020,4.2836,34.544,10.8
1021,4.2835,34.544,10.9
1022,4.2833,34.5441,10.6
1023,4.2829,34.5441,10.9
1024,4.2816,34.5442,11.1
1025,4.2704,34.5444,11.1
1026,4.2613,34.5448,10.5
1027,4.2587,34.5449,9.7
1028,4.2573,34.5449,8.9
1029,4.2517,34.545,8.8
1030,4.2459,34.5455,9.1
1031,4.2395,34.5456,9.6
1032,4.2351,34.5459,10.2
1033,4.2343,34.5459,11.2
1034,4.234,34.5459,11.8
1035,4.2332,34.5459,12.3
1036,4.2305,34.5459,12.4
1037,4.2249,34.5463,12.5
1038,4.2211,34.5465,12.2
1039,4.2186,34.5465,11.8
1040,4.2093,34.5469,10.9
1041,4.2049,34.5471,10.7
1042,4.2019,34.5473,10.8
1043,4.2023,34.5472,11.2
1044,4.2003,34.5473,11.3
1045,4.1983,34.5474,11.4
1046,4.1922,34.5474,11.3
1047,4.1889,34.5475,11.1
1048,4.1847,34.5475,10.7
1049,4.1806,34.5477,10.5
1050,4.1787,34.5478,10.2
1051,4.1771,34.5481,10
1052,4.1729,34.5483,10
1053,4.1675,34.5486,10.2
1054,4.1632,34.5487,10.4
1055,4.1593,34.5487,10.7
1056,4.156,34.5487,11.1
1057,4.1522,34.5487,11.6
1058,4.1505,34.549,11.8
1059,4.1503,34.549,12.2
1060,4.1483,34.5489,12.2
1061,4.1504,34.5492,12.2
1062,4.1478,34.5493,12.1
1063,4.1449,34.5493,12
1064,4.1417,34.5494,11.9
1065,4.1353,34.5496,12.1
1066,4.1293,34.5496,12.2
1067,4.1238,34.55,12.5
1068,4.1197,34.5501,12.6
1069,4.1164,34.5505,12.4
1070,4.1139,34.5506,11.8
1071,4.1133,34.5504,11.5
1072,4.1089,34.5507,11.5
1073,4.1051,34.5506,11.6
1074,4.1019,34.5507,11.3
1075,4.0996,34.5506,11.4
1076,4.0947,34.5507,11.9
1077,4.0902,34.5509,12.6
1078,4.0881,34.551,13
1079,4.0854,34.5512,13.1
1080,4.0836,34.5513,13.3
1081,4.0817,34.5514,13.6
1082,4.0769,34.5517,13.6
1083,4.072,34.5517,13.3
1084,4.0693,34.5515,13
1085,4.0663,34.5518,13.2
1086,4.0652,34.552,13
1087,4.0647,34.5521,12.8
1088,4.0648,34.5519,12.6
1089,4.0638,34.5522,12.7
1090,4.059,34.5525,13
1091,4.0558,34.5527,13.2
1092,4.0536,34.5528,13.3
1093,4.0523,34.5529,13.8
1094,4.052,34.5531,14.1
1095,4.0503,34.5529,14.3
1096,4.0488,34.5531,14.2
1097,4.0439,34.5533,13.8
1098,4.04,34.5532,13.4
1099,4.0358,34.5536,13
1100,4.0347,34.5534,12.5
1101,4.0338,34.5535,12.9
1102,4.0311,34.5537,13.2
1103,4.0277,34.5536,13.9
1104,4.0264,34.5536,14.3
1105,4.024,34.5538,14.3
1106,4.0206,34.554,14.4
1107,4.0163,34.554,14.3
1108,4.0099,34.5541,14.2
1109,4.0032,34.5545,14
1110,3.9995,34.5549,13.7
1111,3.9974,34.5549,13.8
1112,3.9947,34.555,14.3
1113,3.991,34.5549,14.5
1114,3.9843,34.5552,14.5
1115,3.982,34.5554,14.6
1116,3.9805,34.5556,14.6
1117,3.9789,34.5554,14.7
1118,3.9751,34.5555,14.6
1119,3.9735,34.5557,14.5
1120,3.9735,34.5557,14.8
1121,3.9648,34.5559,15.3
1122,3.9541,34.5567,15.5
1123,3.9542,34.5566,15.5
1124,3.9541,34.5566,15.3
1125,3.9544,34.5567,15.1
1126,3.9542,34.5566,14.8
1127,3.9515,34.5567,14.4
1128,3.9489,34.5568,14.2
1129,3.9441,34.557,14.3
1130,3.9404,34.5571,14.6
1131,3.9395,34.5571,15.1
1132,3.9379,34.5571,15.5
1133,3.9362,34.5572,15.9
1134,3.9348,34.5572,16.3
1135,3.9298,34.557,16.5
1136,3.9245,34.5572,16.8
1137,3.9212,34.5573,16.7
1138,3.918,34.5575,16.6
1139,3.9106,34.5578,16.6
1140,3.9086,34.5578,16.5
1141,3.9074,34.5578,16.1
1142,3.9069,34.5578,15.3
1143,3.9065,34.5579,14.7
1144,3.905,34.5579,14.7
1145,3.9041,34.5582,15.1
1146,3.9036,34.5582,15.5
1147,3.9031,34.5581,16.1
1148,3.9039,34.5582,16.8
1149,3.9019,34.5583,17.4
1150,3.9004,34.5582,17.4
1151,3.8951,34.5586,17.5
1152,3.889,34.559,17.5
1153,3.8864,34.5591,17.4
1154,3.8834,34.5592,17
1155,3.8777,34.5593,16.5
1156,3.8726,34.5596,16.2
1157,3.8732,34.5595,16.5
1158,3.8654,34.5601,16.3
1159,3.865,34.5599,16.4
1160,3.8618,34.56,16.5
1161,3.8568,34.5603,16.9
1162,3.8495,34.5604,17.2
1163,3.8421,34.561,17.4
1164,3.8415,34.5608,17.3
1165,3.8396,34.5608,17.4
1166,3.8366,34.561,17.5
1167,3.835,34.5611,17.5
1168,3.8333,34.5612,17.5
1169,3.8318,34.5615,17.4
1170,3.8299,34.5615,17
1171,3.829,34.5615,17.1
1172,3.828,34.5615,17.3
1173,3.8273,34.5617,17.8
1174,3.8231,34.5617,18.3
1175,3.8209,34.5617,18.7
1176,3.8194,34.5618,18.9
1177,3.8192,34.562,19.4
1178,3.8173,34.5619,19
1179,3.8143,34.5621,18.6
1180,3.812,34.562,18.5
1181,3.8065,34.5623,18.5
1182,3.8021,34.5625,18.5
1183,3.8008,34.5625,18.3
1184,3.796,34.5627,17.9
1185,3.7933,34.5629,18.4
1186,3.7858,34.563,18.7
1187,3.7771,34.5632,18.8
1188,3.7683,34.5639,18.9
1189,3.7641,34.5639,19.1
1190,3.7608,34.564,19.2
1191,3.7541,34.5644,19
1192,3.7438,34.5645,18.7
1193,3.7406,34.5647,18.8
1194,3.7395,34.5648,19.1
1195,3.7394,34.5648,19.5
1196,3.738,34.565,19.7
1197,3.7377,34.5651,19.7
1198,3.7376,34.565,19.8
1199,3.7373,34.5651,19.6
1200,3.7371,34.5654,19.6
1201,3.7375,34.5652,20
1202,3.7374,34.5652,20.2
1203,3.7371,34.5653,20.7
1204,3.7372,34.5654,20.9
1205,3.7369,34.5652,21.1
1206,3.7356,34.5653,21.4
1207,3.7342,34.5655,21.2
1208,3.7333,34.5655,21
1209,3.7332,34.5654,21
1210,3.732,34.5654,20.6
1211,3.727,34.5657,20.5
1212,3.7189,34.566,20.4
1213,3.7138,34.5663,20.5
1214,3.7074,34.5665,20.7
1215,3.701,34.5668,20.4
1216,3.6976,34.5667,20.1
1217,3.6958,34.5668,20.3
1218,3.6951,34.567,20.2
1219,3.6918,34.5671,20.4
1220,3.6891,34.5671,20.5
1221,3.6887,34.5673,20.4
1222,3.6889,34.5672,20.9
1223,3.6877,34.5674,21.1
1224,3.6869,34.5675,21.5
1225,3.6868,34.5675,21.8
1226,3.6813,34.5679,22.3
1227,3.6793,34.5679,22.3
1228,3.6759,34.568,22.4
1229,3.675,34.5681,22.1
1230,3.6731,34.568,22.2
1231,3.6688,34.568,21.9
1232,3.6649,34.5686,21.7
1233,3.6648,34.5685,21.4
1234,3.6645,34.5684,21.3
1235,3.6644,34.5684,21.1
1236,3.6572,34.5686,21.3
1237,3.6527,34.5687,21.5
1238,3.6416,34.5693,21.9
1239,3.6348,34.5697,22
1240,3.6337,34.5698,22.2
1241,3.6323,34.5698,22.5
1242,3.6298,34.5699,22.7
1243,3.6273,34.5701,22.8
1244,3.6256,34.5701,22.6
1245,3.623,34.5702,22.3
1246,3.6182,34.5705,22.5
1247,3.6146,34.5706,22.7
1248,3.6099,34.5708,23
1249,3.6052,34.5708,23.1
1250,3.5995,34.5713,22.9
1251,3.598,34.5711,22.7
1252,3.592,34.5713,22.8
1253,3.5875,34.5715,23.2
1254,3.585,34.5716,23.8
1255,3.5792,34.5719,24.2
1256,3.5776,34.5719,24.7
1257,3.5755,34.5722,25.1
1258,3.5708,34.5724,24.6
1259,3.5676,34.5725,23.9
1260,3.5649,34.5726,23.6
1261,3.5613,34.5727,23.4
1262,3.5579,34.5728,23.3
1263,3.5554,34.5731,23
1264,3.5543,34.573,22.9
1265,3.5496,34.5732,23.7
1266,3.5473,34.5733,24.6
1267,3.5444,34.5733,25.2
1268,3.5426,34.5735,25.4
1269,3.5411,34.5736,25.6
1270,3.5404,34.5735,25.8
1271,3.5399,34.5737,25.7
1272,3.537,34.5739,25.4
1273,3.5335,34.574,25.2
1274,3.5298,34.5741,25.3
1275,3.5256,34.5742,25.8
1276,3.5236,34.5746,25.5
1277,3.5232,34.5746,25.2
1278,3.5232,34.5744,25.3
1279,3.5224,34.5744,25.3
1280,3.5177,34.5745,25.3
1281,3.5203,34.5744,25
1282,3.5086,34.5749,24.8
1283,3.5074,34.575,25.5
1284,3.5067,34.575,25.6
1285,3.5042,34.575,25.8
1286,3.4981,34.5755,26
1287,3.4965,34.5754,26.2
1288,3.4914,34.5756,26.3
1289,3.4845,34.5762,26.1
1290,3.48,34.5764,25.3
1291,3.4754,34.5766,25.7
1292,3.4729,34.5766,25.9
1293,3.4694,34.5768,25.8
1294,3.4617,34.5771,25.9
1295,3.4587,34.5773,26.2
1296,3.4588,34.5771,26.6
1297,3.4568,34.5775,27.2
1298,3.4571,34.5774,27.4
1299,3.4569,34.5776,27.6
1300,3.4542,34.5776,28.2
1301,3.4518,34.5779,28.4
1302,3.4514,34.5778,28.5
1303,3.4502,34.5778,28.2
1304,3.4478,34.5779,28
1305,3.4468,34.5782,28.2
1306,3.4377,34.5784,28.2
1307,3.4346,34.5786,27.6
1308,3.4332,34.5786,27.6
1309,3.431,34.5787,27.4
1310,3.4287,34.5789,27.4
1311,3.4257,34.579,27.4
1312,3.422,34.579,27.4
1313,3.4214,34.579,27.5
1314,3.4203,34.5791,28.4
1315,3.4176,34.5793,29.1
1316,3.4139,34.5793,29.6
1317,3.4098,34.5796,29.6
1318,3.4072,34.5797,29.6
1319,3.4056,34.5797,29.5
1320,3.4044,34.5798,29.2
1321,3.4011,34.5799,28.9
1322,3.3971,34.5802,28.9
1323,3.3938,34.5801,29.1
1324,3.3873,34.5805,29.4
1325,3.3871,34.5806,29.3
1326,3.3872,34.5805,29.4
1327,3.3871,34.5806,29.5
1328,3.387,34.5804,29.5
1329,3.3814,34.5807,29.5
1330,3.3802,34.5808,29.2
1331,3.3752,34.5809,29.1
1332,3.3733,34.581,29.4
1333,3.3726,34.5812,29.7
1334,3.3721,34.5812,30
1335,3.3714,34.5812,30.3
1336,3.37,34.5813,30.4
1337,3.3688,34.5813,30.5
1338,3.3663,34.5814,30.3
1339,3.3603,34.5816,30.1
1340,3.3571,34.5819,30.2
1341,3.3567,34.5819,30.3
1342,3.3564,34.5818,30.5
1343,3.3561,34.5818,30.3
1344,3.3552,34.5818,30
1345,3.3542,34.5821,29.8
1346,3.3496,34.582,30.3
1347,3.3472,34.5821,30.6
1348,3.3459,34.5823,31.1
1349,3.3437,34.5823,31.4
1350,3.3426,34.5825,31.8
1351,3.3419,34.5826,31.9
1352,3.3409,34.5825,31.9
1353,3.3383,34.5827,31.8
1354,3.332,34.5828,31.8
1355,3.3264,34.5832,31.4
1356,3.3232,34.5832,31
1357,3.3199,34.5835,30.4
1358,3.319,34.5834,29.8
1359,3.3186,34.5836,29.6
1360,3.3185,34.5836,30.1
1361,3.3179,34.5836,30.9
1362,3.3155,34.5837,31.8
1363,3.3166,34.5839,32.6
1364,3.3094,34.5842,33.4
1365,3.3059,34.5843,33.8
1366,3.3014,34.5843,33.9
1367,3.2957,34.5846,33.6
1368,3.2908,34.5845,32.9
1369,3.286,34.5849,32.4
1370,3.2824,34.585,32.2
1371,3.2803,34.5852,31.9
1372,3.28,34.585,31.6
1373,3.279,34.585,31.9
1374,3.2784,34.5852,32.3
1375,3.2782,34.5852,32.8
1376,3.2779,34.5851,33.2
1377,3.2769,34.5854,33.5
1378,3.2766,34.5853,33.7
1379,3.2759,34.5856,33.8
1380,3.2717,34.5856,33.6
1381,3.2697,34.5858,33.4
1382,3.269,34.5856,33.4
1383,3.2668,34.5859,33.6
1384,3.2655,34.5858,33.6
1385,3.2613,34.586,33.4
1386,3.2507,34.5862,33.5
1387,3.248,34.5863,33.6
1388,3.2457,34.5865,33.7
1389,3.2434,34.5868,33.7
1390,3.2424,34.5867,33.9
1391,3.2417,34.5868,33.9
1392,3.2408,34.5867,33.7
1393,3.2404,34.5868,33.3
1394,3.2379,34.5868,33.9
1395,3.2334,34.5871,34.4
1396,3.2329,34.5872,35
1397,3.2324,34.5873,35.4
1398,3.2314,34.5874,35.9
1399,3.2313,34.5874,35.7
1400,3.2299,34.5875,35.3
1401,3.2285,34.5873,34.6
1402,3.2266,34.5876,34.8
1403,3.2255,34.5875,34.9
1404,3.2246,34.5876,35.1
1405,3.2233,34.5876,35.1
1406,3.2218,34.5877,35.1
1407,3.2205,34.5877,35.1
1408,3.2178,34.5879,35.2
1409,3.215,34.5879,35.5
1410,3.212,34.5881,35.8
1411,3.2099,34.5882,35.9
1412,3.2075,34.5883,35.8
1413,3.2058,34.5883,36
1414,3.2049,34.5883,36.1
1415,3.2044,34.5884,35.9
1416,3.204,34.5883,35.6
1417,3.2026,34.5885,35.6
1418,3.2013,34.5885,35.6
1419,3.1958,34.5888,35.4
1420,3.1939,34.5888,35.1
1421,3.1942,34.5886,35.6
1422,3.1936,34.5887,36.6
1423,3.1922,34.5888,37.5
1424,3.1924,34.589,38
1425,3.192,34.5889,38.4
1426,3.1919,34.5888,38.5
1427,3.1912,34.589,38
1428,3.1906,34.5892,37.2
1429,3.1898,34.5891,36.5
1430,3.1894,34.5891,36.3
1431,3.189,34.5891,36.6
1432,3.1876,34.5891,36.9
1433,3.1869,34.5892,37.1
1434,3.1837,34.5892,37.6
1435,3.1798,34.5894,37.9
1436,3.1785,34.5895,37.9
1437,3.1778,34.5896,37.6
1438,3.1774,34.5898,37.4
1439,3.177,34.5898,37.2
1440,3.1768,34.5898,36.8
1441,3.1769,34.5896,36.7
1442,3.176,34.5898,37
1443,3.1755,34.5896,37.7
1444,3.1736,34.5898,37.9
1445,3.1728,34.59,38
1446,3.1724,34.5898,38.1
1447,3.1716,34.59,38.2
1448,3.1699,34.59,38.2
1449,3.1691,34.59,38.1
1450,3.1689,34.59,37.9
1451,3.1681,34.5902,38.2
1452,3.1659,34.5903,38.8
1453,3.1635,34.5902,39.1
1454,3.1623,34.5904,39.3
1455,3.1618,34.5904,39.3
1456,3.161,34.5904,39.1
1457,3.1604,34.5904,38.7
1458,3.1598,34.5904,37.7
1459,3.1594,34.5904,37.1
1460,3.1591,34.5905,37
1461,3.1591,34.5905,37.2
1462,3.1588,34.5906,37.4
1463,3.1563,34.5907,37.8
1464,3.1521,34.5909,38.2
1465,3.1492,34.591,39
1466,3.1459,34.591,39.4
1467,3.1389,34.5914,39.6
1468,3.1335,34.5915,39.4
1469,3.1241,34.592,39.2
1470,3.1206,34.5919,39
1471,3.1188,34.5921,38.7
1472,3.1172,34.5921,38.3
1473,3.1162,34.5923,38.4
1474,3.1141,34.5924,38.8
1475,3.1136,34.5924,39.1
1476,3.112,34.5925,39.4
1477,3.1099,34.5926,39.7
1478,3.1081,34.5927,40
1479,3.1076,34.5929,40.3
1480,3.1068,34.5929,40.3
1481,3.1052,34.5929,40.2
1482,3.1049,34.5929,40
1483,3.1038,34.5929,40.1
1484,3.1021,34.5933,40.2
1485,3.1004,34.5932,40.3
1486,3.0952,34.5935,40.3
1487,3.0935,34.5934,40.4
1488,3.0929,34.5936,40.3
1489,3.0914,34.5936,40.3
1490,3.0909,34.5937,40.9
1491,3.0907,34.5936,41.4
1492,3.0892,34.5937,41.9
1493,3.084,34.5939,42.2
1494,3.0795,34.5941,42
1495,3.0773,34.5942,41.7
1496,3.076,34.5944,41.3
1497,3.0751,34.5943,41
1498,3.0736,34.5944,40.9
1499,3.0728,34.5946,40.9
1500,3.0691,34.5946,41.2
1501,3.066,34.5947,41.6
1502,3.0633,34.5947,41.8
1503,3.0584,34.595,41.8
1504,3.0545,34.5951,41.9
1505,3.0496,34.5955,42
1506,3.0473,34.5955,42
1507,3.0461,34.5955,41.9
1508,3.0429,34.5956,41.7
1509,3.0379,34.5959,41.5
1510,3.0356,34.5961,42
1511,3.0352,34.5961,42.3
1512,3.0347,34.5962,42.3
1513,3.033,34.5961,42.3
1514,3.032,34.5962,42.1
1515,3.0303,34.5963,42.1
1516,3.0275,34.5964,41.9
1517,3.0258,34.5963,41.8
1518,3.0245,34.5966,42.1
1519,3.024,34.5966,42.6
1520,3.0237,34.5966,43.3
1521,3.0232,34.5967,44
1522,3.022,34.5967,44.3
1523,3.0133,34.5968,44.7
1524,3.0063,34.5975,44.6
1525,3.0048,34.5975,44.4
1526,3.0039,34.5973,44
1527,3.0023,34.5974,43.7
1528,3.0018,34.5975,42.9
1529,3.001,34.5977,42.8
1530,3.0007,34.5976,42.5
1531,3.0001,34.5977,42.6
1532,2.9958,34.5979,42.6
1533,2.9947,34.5979,42.8
1534,2.9943,34.5979,43.2
1535,2.9956,34.5981,44
1536,2.9934,34.5981,43.9
1537,2.9933,34.598,44
1538,2.9931,34.5983,44.2
1539,2.9934,34.5981,44.3
1540,2.993,34.5983,44.4
1541,2.9912,34.5983,44.2
1542,2.989,34.5982,44
1543,2.9836,34.5985,44.7
1544,2.9809,34.5987,44.8
1545,2.9803,34.5986,44.8
1546,2.9796,34.5988,44.7
1547,2.9796,34.5987,44.6
1548,2.9793,34.5989,44.4
1549,2.9781,34.5986,44.1
1550,2.9768,34.5988,43.7
1551,2.9765,34.5988,44.4
1552,2.9763,34.5989,44.9
1553,2.9762,34.5989,45.2
1554,2.9759,34.599,45.6
1555,2.975,34.599,45.8
1556,2.9749,34.599,46.1
1557,2.9747,34.599,46
1558,2.9749,34.5989,45.4
1559,2.975,34.599,45.2
1560,2.9751,34.599,45.2
1561,2.9748,34.5993,45.2
1562,2.9708,34.5991,45.2
1563,2.9645,34.5994,45
1564,2.9623,34.5996,45
1565,2.9605,34.5996,45.1
1566,2.9597,34.5997,44.9
1567,2.9582,34.5998,44.9
1568,2.9579,34.5996,45.1
1569,2.9575,34.5997,45.3
1570,2.957,34.5998,45.5
1571,2.9541,34.6,45.5
1572,2.9509,34.6001,45.8
1573,2.9447,34.6003,46
1574,2.9381,34.6007,46.3
1575,2.9352,34.6008,46.6
1576,2.9346,34.6008,46.5
1577,2.9344,34.6008,46.3
1578,2.9346,34.6007,46.1
1579,2.934,34.6007,46
1580,2.9338,34.6007,46
1581,2.9331,34.601,46.3
1582,2.9329,34.6009,46.3
1583,2.9322,34.6012,46.7
1584,2.9307,34.601,46.8
1585,2.9289,34.6012,46.7
1586,2.9281,34.6011,46.6
1587,2.9275,34.6012,46.5
1588,2.9267,34.6013,46.6
1589,2.9268,34.6013,46.9
1590,2.9268,34.6012,46.9
1591,2.9228,34.6011,47.3
1592,2.9187,34.6015,47.8
1593,2.9145,34.6017,48.1
1594,2.9105,34.6018,48.2
1595,2.9048,34.6021,47.8
1596,2.9038,34.6021,47.3
1597,2.9013,34.6022,46.7
1598,2.8985,34.6023,46.3
1599,2.8953,34.6025,46.2
1600,2.8914,34.6027,46.6
1601,2.8884,34.6029,47
1602,2.8871,34.6029,47.8
1603,2.8862,34.603,48
1604,2.886,34.603,48
1605,2.8856,34.603,48.1
1606,2.8846,34.603,48.2
1607,2.8809,34.6031,48.2
1608,2.8745,34.6035,48.1
1609,2.8714,34.6036,47.8
1610,2.8701,34.6037,48.1
1611,2.8644,34.6038,48.5
1612,2.8607,34.6041,48.5
1613,2.8599,34.6044,48.7
1614,2.8593,34.6043,48.7
1615,2.8587,34.6042,48.4
1616,2.858,34.6044,48.2
1617,2.8574,34.6045,48
1618,2.857,34.6043,48.4
1619,2.8533,34.6045,49.3
1620,2.8528,34.6046,49.9
1621,2.8516,34.6047,50.5
1622,2.8476,34.6049,51.1
1623,2.8461,34.605,51.1
1624,2.8452,34.605,50.8
1625,2.8436,34.6051,50.4
1626,2.8408,34.6053,50
1627,2.8398,34.6054,49.8
1628,2.8372,34.6053,49.5
1629,2.8316,34.6054,49.2
1630,2.8294,34.6056,49.4
1631,2.8254,34.6058,49.4
1632,2.8247,34.6058,49.8
1633,2.8227,34.6059,50.1
1634,2.8218,34.6059,50.4
1635,2.8202,34.6061,50.6
1636,2.8193,34.6061,50.9
1637,2.8191,34.6062,51.3
1638,2.8187,34.6061,51.6
1639,2.8183,34.6062,51.4
1640,2.8178,34.6064,51
1641,2.8178,34.6063,50.8
1642,2.8168,34.6064,50.7
1643,2.8073,34.6065,50.4
1644,2.788,34.6079,49.8
1645,2.7839,34.6079,49.7
1646,2.7837,34.6078,50.3
1647,2.7806,34.6079,51.2
1648,2.7786,34.6082,51.8
1649,2.7783,34.6082,52.4
1650,2.7777,34.6083,53
1651,2.7769,34.6083,53.6
1652,2.7753,34.6084,53.5
1653,2.7677,34.6087,53.2
1654,2.7619,34.6089,52.4
1655,2.7584,34.6092,52
1656,2.7572,34.6092,51.7
1657,2.7561,34.6094,51.2
1658,2.7562,34.6093,50.3
1659,2.7565,34.6092,50.5
1660,2.7551,34.6093,50.9
1661,2.7541,34.6094,51.9
1662,2.7525,34.6096,52.6
1663,2.7512,34.6095,53.3
1664,2.7499,34.6097,53.9
1665,2.7465,34.6098,54.8
1666,2.744,34.6099,54.8
1667,2.7425,34.6101,54.4
1668,2.7423,34.6102,53.5
1669,2.741,34.6103,53.2
1670,2.7396,34.6103,53
1671,2.7351,34.6104,52.6
1672,2.7312,34.6107,52.2
1673,2.7325,34.6107,52.3
1674,2.726,34.611,52.8
1675,2.7225,34.6112,53.4
1676,2.7199,34.6111,53.8
1677,2.7136,34.6114,54.3
1678,2.7099,34.6116,54.5
1679,2.707,34.612,54.4
1680,2.705,34.6122,54.4
1681,2.7022,34.6122,54.1
1682,2.6979,34.6124,54.1
1683,2.6965,34.6123,54.5
1684,2.6949,34.6125,54.9
1685,2.6922,34.6125,55.3
1686,2.6893,34.6127,55.4
1687,2.6859,34.6129,55.1
1688,2.6845,34.6131,55.1
1689,2.682,34.6132,55
1690,2.6808,34.6134,55.2
1691,2.6795,34.6133,55
1692,2.6783,34.6134,54.7
1693,2.6775,34.6134,54.6
1694,2.6763,34.6136,54.9
1695,2.675,34.6136,55.4
1696,2.6736,34.6138,55.8
1697,2.6727,34.6138,56.3
1698,2.6706,34.614,56.6
1699,2.6694,34.6139,56.5
1700,2.6682,34.6141,56.1
1701,2.6637,34.6142,55.9
1702,2.6554,34.6146,56.1
1703,2.6537,34.6149,56.4
1704,2.6531,34.6146,56.5
1705,2.6519,34.6149,56.4
1706,2.6504,34.6148,56.4
1707,2.6498,34.615,56.4
1708,2.6487,34.615,56.5
1709,2.6463,34.6151,56.8
1710,2.6422,34.6153,57.1
1711,2.6399,34.6153,57.2
1712,2.6366,34.6154,57.2
1713,2.6292,34.6155,57
1714,2.6226,34.6159,57
1715,2.6188,34.616,57.1
1716,2.6144,34.6162,57.4
1717,2.6109,34.6163,57.4
1718,2.6098,34.6163,57.4
1719,2.6087,34.6164,57.2
1720,2.6056,34.6165,57.3
1721,2.6032,34.6166,57.5
1722,2.6026,34.6167,57.8
1723,2.6019,34.6168,57.9
1724,2.6004,34.617,58.2
1725,2.5984,34.6171,58.4
1726,2.5971,34.617,58.4
1727,2.5959,34.617,58.4
1728,2.5958,34.6172,58.7
1729,2.5954,34.6171,59.1
1730,2.5946,34.6173,59.7
1731,2.5946,34.6173,60
1732,2.5942,34.6173,60.2
1733,2.5921,34.6176,60.3
1734,2.5918,34.6175,60.2
1735,2.5912,34.6174,60
1736,2.5897,34.6174,59.9
1737,2.5867,34.6176,59.6
1738,2.5858,34.6176,59.9
1739,2.5845,34.618,60.1
1740,2.5808,34.618,60.2
1741,2.5772,34.618,60.2
1742,2.5772,34.6181,60.4
1743,2.5772,34.6183,60.5
1744,2.5772,34.6182,60.7
1745,2.5771,34.6183,60.5
1746,2.5772,34.6183,60.1
1747,2.5775,34.6182,59.6
1748,2.577,34.6183,59.6
1749,2.5771,34.6183,59.6
1750,2.5769,34.6184,59.8
1751,2.5767,34.6184,60.2
1752,2.5761,34.6184,60.6
1753,2.575,34.6185,60.9
1754,2.5733,34.6184,60.8
1755,2.5707,34.6188,60.3
1756,2.5696,34.6188,60.3
1757,2.5683,34.6187,60.2
1758,2.5665,34.6186,59.8
1759,2.5634,34.6189,59.2
1760,2.563,34.6189,59
1761,2.5622,34.619,59.4
1762,2.5611,34.6191,60.4
1763,2.5605,34.6192,61.2
1764,2.56,34.6192,61.8
1765,2.5595,34.6192,62.2
1766,2.558,34.6193,62.9
1767,2.5575,34.6192,63
1768,2.557,34.6194,62.9
1769,2.555,34.6193,62.5
1770,2.5533,34.6195,62.6
1771,2.5523,34.6197,62.9
1772,2.5499,34.6197,62.9
1773,2.5493,34.6198,62.4
1774,2.5486,34.6197,62.5
1775,2.5413,34.6199,62.4
1776,2.533,34.6203,62.4
1777,2.532,34.6204,62.4
1778,2.5319,34.6205,62.2
1779,2.5311,34.6205,61.9
1780,2.5306,34.6205,61.8
1781,2.5303,34.6206,62.1
1782,2.5303,34.6207,62.4
1783,2.5302,34.6208,62.7
1784,2.5283,34.6208,63.2
1785,2.5271,34.6209,63.4
1786,2.5257,34.621,63.8
1787,2.5251,34.621,64.1
1788,2.5249,34.6211,64.3
1789,2.5246,34.6212,64.9
1790,2.5235,34.6213,65.4
1791,2.5227,34.6212,65.6
1792,2.5215,34.6211,65.7
1793,2.5196,34.6213,65.3
1794,2.5179,34.6215,64.8
1795,2.5176,34.6215,64.5
1796,2.5166,34.6215,64.2
1797,2.5153,34.6216,63.7
1798,2.5145,34.6216,63.2
1799,2.5132,34.6217,62.6
1800,2.5103,34.6216,62.2
1801,2.5099,34.6219,62.1
1802,2.5093,34.6218,62.4
1803,2.5082,34.6218,63
1804,2.506,34.622,64
1805,2.5022,34.6221,65
1806,2.5008,34.6221,65.6
1807,2.4996,34.622,66.6
1808,2.4933,34.6226,67
1809,2.4905,34.6226,67.3
1810,2.4883,34.6227,67.4
1811,2.482,34.6231,66.9
1812,2.4802,34.6232,65.9
1813,2.4801,34.6231,65.5
1814,2.4799,34.6231,64.8
1815,2.4781,34.6231,64.9
1816,2.4711,34.6234,65
1817,2.4692,34.6234,64.9
1818,2.4643,34.6237,64.8
1819,2.4618,34.6238,65.1
1820,2.4586,34.6241,65.1
1821,2.4561,34.6242,65.5
1822,2.4523,34.6244,66.1
1823,2.4504,34.6243,66.8
1824,2.4498,34.6245,67.4
1825,2.4474,34.6248,67.5
1826,2.4472,34.6247,67.1
1827,2.4464,34.6246,67.2
1828,2.4435,34.6247,66.9
1829,2.4404,34.625,66.6
1830,2.437,34.6253,66.3
1831,2.4354,34.6253,65.8
1832,2.4337,34.6253,65.6
1833,2.4331,34.6254,65.9
1834,2.4321,34.6254,66.2
1835,2.4318,34.6255,66.6
1836,2.4313,34.6256,67.1
1837,2.4289,34.6256,67.5
1838,2.4251,34.6257,67.9
1839,2.4233,34.6258,68.2
1840,2.4205,34.626,68.2
1841,2.4185,34.6261,67.6
1842,2.4164,34.626,67.3
1843,2.4137,34.6263,67.5
1844,2.4114,34.6265,67.8
1845,2.4089,34.6265,68.2
1846,2.4071,34.6265,68.2
1847,2.4067,34.6267,68.3
1848,2.4037,34.6266,69
1849,2.3987,34.6271,69.6
1850,2.3979,34.627,70.2
1851,2.3958,34.6272,70.2
1852,2.3917,34.6274,70
1853,2.3857,34.6273,69.8
1854,2.3802,34.6278,69.2
1855,2.378,34.6278,68.7
1856,2.3771,34.6277,68.9
1857,2.3763,34.6278,68.9
1858,2.3736,34.6277,69.3
1859,2.3705,34.628,69.6
1860,2.3686,34.6281,69.8
1861,2.3679,34.6282,70.1
1862,2.3677,34.6282,70.4
1863,2.3675,34.6282,70.4
1864,2.3664,34.6282,70.5
1865,2.366,34.6283,70.2
1866,2.3629,34.6283,70.5
1867,2.3586,34.6286,70.6
1868,2.3559,34.6288,70.7
1869,2.3547,34.6289,70.8
1870,2.3543,34.6289,71
1871,2.354,34.6288,71
1872,2.3538,34.6289,71
1873,2.354,34.6288,71.3
1874,2.3535,34.6289,71.8
1875,2.3521,34.6288,72.2
1876,2.3518,34.6289,72.3
1877,2.3514,34.629,72.4
1878,2.3506,34.6291,72.7
1879,2.3499,34.6291,73.4
1880,2.3488,34.6292,73.4
1881,2.3485,34.6294,72.4
1882,2.3485,34.6292,72.1
1883,2.3483,34.6294,72.1
1884,2.3476,34.6294,72
1885,2.3473,34.6296,71.8
1886,2.3429,34.6297,71.4
1887,2.342,34.6297,71.7
1888,2.3418,34.6295,72.5
1889,2.3418,34.6296,72.4
1890,2.3415,34.6298,72.6
1891,2.3415,34.6297,72.8
1892,2.34,34.6299,73
1893,2.3388,34.63,73
1894,2.3391,34.6299,72.8
1895,2.3397,34.63,72.4
1896,2.338,34.6299,73.2
1897,2.3365,34.6299,73.5
1898,2.3347,34.6301,73.8
1899,2.3327,34.63,73.7
1900,2.3277,34.6303,73.6
1901,2.325,34.6305,73.4
1902,2.3226,34.6307,73.2
1903,2.3189,34.6308,72.9
1904,2.3146,34.631,73.2
1905,2.3119,34.631,73.1
1906,2.3082,34.6309,73.4
1907,2.3076,34.6309,73.3
1908,2.3072,34.6312,73.1
1909,2.3065,34.6311,73.1
1910,2.3036,34.6314,73.7
1911,2.3015,34.6315,74.2
1912,2.2993,34.6315,75.1
1913,2.2981,34.6315,75.3
1914,2.297,34.6319,75.7
1915,2.2965,34.6317,76.3
1916,2.2951,34.632,76.5
1917,2.2926,34.6319,76.6
1918,2.291,34.6321,76.3
1919,2.291,34.6322,76
1920,2.2922,34.632,76.1
1921,2.2924,34.6321,75.8
1922,2.2894,34.6324,76
1923,2.2883,34.6322,76.2
1924,2.2872,34.6323,76.1
1925,2.2862,34.6324,76
1926,2.2836,34.6325,75.8
1927,2.2814,34.6325,75.5
1928,2.281,34.6325,75.6
1929,2.2784,34.6325,75.5
1930,2.2774,34.6327,76.2
1931,2.2762,34.6329,76.7
1932,2.2741,34.633,76.6
1933,2.2718,34.633,76.2
1934,2.2674,34.6331,75.8
1935,2.2616,34.6335,75.7
1936,2.2586,34.6335,76.2
1937,2.2558,34.6336,75.6
1938,2.2529,34.6337,75.2
1939,2.251,34.6339,75.8
1940,2.25,34.634,76.5
1941,2.2466,34.6341,77.2
1942,2.2443,34.6342,77.7
1943,2.2419,34.6342,78.2
1944,2.2395,34.6344,78.8
1945,2.2362,34.6346,79
1946,2.2335,34.6347,78.2
1947,2.2324,34.6348,77.7
1948,2.2312,34.6349,77.5
1949,2.2297,34.6348,77.1
1950,2.2279,34.6351,76.7
1951,2.2275,34.635,76.4
1952,2.2263,34.6351,76.7
1953,2.224,34.6353,77.9
1954,2.2225,34.6354,78.8
1955,2.2244,34.6353,79.7
1956,2.2202,34.6355,80.7
1957,2.2186,34.6355,80.8
1958,2.2178,34.6356,80.4
1959,2.2157,34.6359,79.8
1960,2.2154,34.6358,79.1
1961,2.2149,34.6359,78.8
1962,2.2143,34.6359,78.5
1963,2.2138,34.636,78
1964,2.2131,34.6358,78.2
1965,2.2109,34.6358,78.9
1966,2.2079,34.6361,79.3
1967,2.2052,34.6363,79.9
1968,2.203,34.6364,80.3
1969,2.2008,34.6363,80.5
1970,2.1984,34.6364,80.6
1971,2.1955,34.6366,80.5
1972,2.1926,34.6368,79.9
1973,2.1917,34.6369,79.9
1974,2.1915,34.637,80.1
1975,2.191,34.6371,80
1976,2.1903,34.6371,80.1
1977,2.1884,34.6372,80.1
1978,2.1873,34.6372,80.4
1979,2.1833,34.6373,81.6
1980,2.175,34.6377,82.5
1981,2.174,34.6376,82.9
1982,2.173,34.6379,83
1983,2.1721,34.6377,82.4
1984,2.1686,34.6381,81.9
1985,2.1662,34.6383,81.6
1986,2.1654,34.6382,81
1987,2.1646,34.6382,81
1988,2.1644,34.6382,81.1
1989,2.1633,34.6382,81.1
1990,2.1607,34.6385,81.5
1991,2.158,34.6386,81.8
1992,2.1562,34.6386,82.2
1993,2.1548,34.639,82.6
1994,2.1535,34.6389,82.8
1995,2.1508,34.6391,83
1996,2.1475,34.6393,83
1997,2.1453,34.6393,82.7
1998,2.1449,34.6395,82.7
1999,2.1444,34.6394,82.5
2000,2.1431,34.6396,82.3
2001,2.1424,34.6397,82.2
2002,2.1405,34.6398,82.1
2003,2.1392,34.6397,82
2004,2.139,34.6399,82.6
2005,2.139,34.6398,83.4
2006,2.139,34.6397,84.1
2007,2.1384,34.6397,84.8
2008,2.1345,34.6399,85.1
2009,2.1318,34.6402,85.2
2010,2.1315,34.6402,84.9
2011,2.1309,34.6401,84
2012,2.1296,34.6404,83.4
2013,2.1286,34.6404,83.2
2014,2.1281,34.6404,83.3
2015,2.1262,34.6405,83.8
2016,2.1244,34.6406,84.1
2017,2.1227,34.6406,84.3
2018,2.1197,34.6408,84.5
2019,2.1181,34.6407,84.6
2020,2.1175,34.6408,84.6
2021,2.1164,34.6409,84.7
2022,2.1146,34.641,84.2
2023,2.113,34.6412,83.9
2024,2.1114,34.6413,83.7
2025,2.1094,34.6413,83.9
2026,2.1077,34.6413,84.8
2027,2.1071,34.6413,85.7
2028,2.1067,34.6414,86.4
2029,2.1064,34.6417,87.5
2030,2.1058,34.6416,87.8
2031,2.1056,34.6416,87.8
2032,2.104,34.6416,87.4
2033,2.102,34.6417,86.9
2034,2.0979,34.642,85.9
2035,2.0978,34.642,85.1
2036,2.0977,34.6421,84.2
2037,2.0978,34.642,84.3
2038,2.0972,34.642,84.7
2039,2.0942,34.6422,85.1
2040,2.0919,34.6422,85.6
2041,2.0916,34.6422,86.4
2042,2.0904,34.6424,86.4
2043,2.0906,34.6423,86.4
2044,2.0905,34.6426,86.6
2045,2.0911,34.6425,86.8
2046,2.091,34.6424,86.9
2047,2.0909,34.6426,86.7
2048,2.0908,34.6425,86.5
2049,2.0901,34.6427,87.3
2050,2.0901,34.6426,87.4
2051,2.0877,34.6427,87.7
2052,2.0865,34.6428,87.8
2053,2.0832,34.643,87.7
2054,2.0812,34.643,87.2
2055,2.081,34.6431,86.5
2056,2.0805,34.6431,86
2057,2.0798,34.6432,86.5
2058,2.0778,34.6433,86.8
2059,2.0765,34.6433,87.3
2060,2.0733,34.6435,87.7
2061,2.0718,34.6437,88.2
2062,2.0713,34.6435,88.3
2063,2.0711,34.6437,88.4
2064,2.0709,34.6437,88.1
2065,2.0707,34.6437,88.2
2066,2.0703,34.6438,87.9
2067,2.0701,34.6436,87.5
2068,2.0693,34.6437,86.9
2069,2.0692,34.6438,86.9
2070,2.0691,34.6438,86.7
2071,2.0689,34.6439,86.5
2072,2.0688,34.6438,86.4
2073,2.0689,34.6439,86.6
2074,2.0678,34.6439,86.9
2075,2.0641,34.6442,87.4
2076,2.0632,34.644,87.6
2077,2.0617,34.644,88
2078,2.0598,34.6443,88.6
2079,2.0596,34.6442,88.9
2080,2.0595,34.6443,89
2081,2.0595,34.6444,89
2082,2.0596,34.6443,88.9
2083,2.0584,34.6444,89.1
2084,2.0575,34.6443,89.2
2085,2.0569,34.6444,89.1
2086,2.0561,34.6446,89.5
2087,2.0562,34.6447,89.8
2088,2.0554,34.6447,89.9
2089,2.0552,34.6447,89.7
2090,2.0545,34.6447,89.5
2091,2.0542,34.6445,88.7
2092,2.0535,34.6448,88.4
2093,2.0531,34.6448,88
2094,2.0528,34.6447,87.8
2095,2.0515,34.6447,88.1
2096,2.0493,34.6449,88.5
2097,2.0482,34.6449,89
2098,2.0469,34.6449,89.9
2099,2.0464,34.645,90.4
2100,2.045,34.645,90.7
2101,2.0424,34.645,90.4
2102,2.0396,34.6453,90.2
2103,2.0395,34.6454,89.9
2104,2.0395,34.6454,89.6
2105,2.0391,34.6456,89
2106,2.039,34.6454,89.3
2107,2.039,34.6454,89.8
2108,2.0391,34.6455,90.8
2109,2.0396,34.6455,90.7
2110,2.0395,34.6455,90.7
2111,2.0393,34.6454,90.8
2112,2.0392,34.6456,91
2113,2.0394,34.6454,91
2114,2.0393,34.6455,90.8
2115,2.0373,34.6458,90.4
2116,2.0348,34.6459,91.4
2117,2.0346,34.6457,91.8
2118,2.0342,34.6457,92.2
2119,2.0336,34.6458,92.1
2120,2.0334,34.6459,91.6
2121,2.0318,34.646,91.2
2122,2.0307,34.6461,90.7
2123,2.0303,34.6459,90.1
2124,2.0286,34.6462,90.4
2125,2.0276,34.6463,90.8
2126,2.0276,34.6461,91.4
2127,2.0268,34.6463,92.1
2128,2.0244,34.6463,92.1
2129,2.0242,34.6463,92.1
2130,2.0238,34.6464,92.3
2131,2.0234,34.6464,92.4
2132,2.0228,34.6466,92.3
2133,2.0217,34.6466,92.1
2134,2.0209,34.6466,91.8
2135,2.0205,34.6465,92.3
2136,2.019,34.6467,92.5
2137,2.018,34.6468,92.8
2138,2.0181,34.6467,93.1
2139,2.0175,34.6468,93.3
2140,2.0167,34.6468,93.4
2141,2.0125,34.6469,93.6
2142,2.01,34.6472,93.7
2143,2.0083,34.6473,94.1
2144,2.0073,34.6474,94
2145,2.0069,34.6473,93.7
2146,2.0069,34.6473,93.4
2147,2.0053,34.6473,92.9
2148,2.0041,34.6474,92.2
2149,2.0039,34.6475,92.1
2150,2.0019,34.6476,92.7
2151,2.0018,34.6477,93.1
2152,2.0016,34.6476,93.8
2153,2.0016,34.6475,94.3
2154,2.0017,34.6476,95
2155,2.0018,34.6475,95.5
2156,2.0018,34.6477,95.7
2157,2.0016,34.6478,95.6
2158,2.0004,34.6478,95.6
2159,1.9952,34.648,95.4
2160,1.9922,34.6483,95
2161,1.9902,34.6484,94.4
2162,1.9879,34.6483,94.2
2163,1.986,34.6484,94.2
2164,1.9856,34.6485,94.1
2165,1.9855,34.6484,93.8
2166,1.9856,34.6485,94.3
2167,1.9853,34.6486,95.1
2168,1.985,34.6487,95.7
2169,1.9835,34.6488,95.5
2170,1.9836,34.6486,95.5
2171,1.9837,34.6487,95.6
2172,1.9836,34.6486,95.6
2173,1.9832,34.6489,95.4
2174,1.9831,34.649,95.1
2175,1.9831,34.649,95.2
2176,1.9829,34.6489,96.2
2177,1.983,34.6488,96.5
2178,1.9825,34.649,96.5
2179,1.9816,34.649,96.4
2180,1.9819,34.6488,96.3
2181,1.9817,34.649,96.1
2182,1.9814,34.6491,95.8
2183,1.9813,34.649,94.8
2184,1.9809,34.6492,95.1
2185,1.9798,34.6492,96.3
2186,1.9793,34.6491,97.3
2187,1.9787,34.6492,98
2188,1.9779,34.6491,98.3
2189,1.9733,34.6493,98.1
2190,1.9687,34.6498,98
2191,1.9658,34.6499,97.4
2192,1.9654,34.6499,96.1
2193,1.9653,34.65,95.4
2194,1.9654,34.65,95.2
2195,1.9645,34.6502,95.3
2196,1.9638,34.65,95.8
2197,1.9623,34.6501,96.3
2198,1.9603,34.6501,97.5
2199,1.9602,34.6502,99.3
2200,1.9577,34.6502,100.2
2201,1.9557,34.6504,100.3
2202,1.9547,34.6507,100.1
2203,1.954,34.6506,99.3
2204,1.9534,34.6508,98.4
2205,1.9533,34.6508,97.8
2206,1.953,34.6507,97.1
2207,1.9527,34.6507,96.6
2208,1.9513,34.6509,97
2209,1.9483,34.6509,97.5
2210,1.9483,34.6509,98.1
2211,1.9477,34.651,98.8
2212,1.9467,34.6509,98.8
2213,1.9439,34.6511,98.9
2214,1.9405,34.6515,99
2215,1.9383,34.6516,99.1
2216,1.9365,34.6516,98.9
2217,1.9341,34.6519,98.4
2218,1.9331,34.6519,98.4
2219,1.9299,34.652,99.2
2220,1.9292,34.6521,99.6
2221,1.9257,34.6524,100.1
2222,1.9228,34.6525,100.4
2223,1.922,34.6525,100.3
2224,1.9216,34.6526,100.3
2225,1.9212,34.6526,99.9
2226,1.9213,34.6527,99.7
2227,1.9213,34.6526,100.4
2228,1.9214,34.6526,100.9
2229,1.9215,34.6526,101.3
2230,1.9211,34.6525,101.9
2231,1.9208,34.6528,101.7
2232,1.9207,34.6529,101.7
2233,1.9205,34.653,101.4
2234,1.9197,34.6531,101.2
2235,1.9179,34.653,101
2236,1.9169,34.653,100.8
2237,1.9155,34.6531,100.5
2238,1.9154,34.653,101
2239,1.9152,34.6532,101.2
2240,1.915,34.6532,101.5
2241,1.9147,34.6533,101.8
2242,1.9147,34.6532,102
2243,1.9145,34.6532,102.1
2244,1.9138,34.6533,102
2245,1.9131,34.6534,101.9
2246,1.9131,34.6533,102.1
2247,1.9129,34.6533,101.9
2248,1.9128,34.6533,102.1
2249,1.9127,34.6535,102.3
2250,1.9127,34.6534,102.4
2251,1.9125,34.6535,102.4
2252,1.9122,34.6535,102.2
2253,1.9122,34.6535,102.6
2254,1.9115,34.6535,103.4
2255,1.9113,34.6536,103.3
2256,1.9112,34.6535,103.1
2257,1.9101,34.6538,103
2258,1.9084,34.6538,102.9
2259,1.9066,34.6539,102.6
2260,1.9052,34.654,102.2
2261,1.9051,34.6539,102.1
2262,1.9051,34.654,103.1
2263,1.9044,34.654,103.8
2264,1.9038,34.654,104.2
2265,1.9021,34.6541,104.4
2266,1.9003,34.6542,104.5
2267,1.899,34.6544,104.4
2268,1.8976,34.6545,104
2269,1.8974,34.6544,103.1
2270,1.8973,34.6546,102.9
2271,1.8968,34.6546,103.2
2272,1.8966,34.6544,103.5
2273,1.8963,34.6544,103.8
2274,1.8957,34.6546,104.2
2275,1.895,34.6548,104.6
2276,1.895,34.6546,104.8
2277,1.8946,34.6548,104.3
2278,1.894,34.6548,104
2279,1.8939,34.6546,103.8
2280,1.8938,34.6548,104
2281,1.8938,34.6549,104.6
2282,1.8938,34.6547,104.6
2283,1.8938,34.6548,104.8
2284,1.8939,34.6547,104.9
2285,1.8935,34.6549,104.7
2286,1.8935,34.6549,104.4
2287,1.8939,34.6548,103.2
2288,1.8937,34.6549,102.3
2289,1.8937,34.6549,101.7
2290,1.8935,34.6549,101.3
2291,1.893,34.655,101.1
2292,1.8929,34.6549,101.3
2293,1.8931,34.6549,102
2294,1.893,34.6548,103.8
2295,1.8926,34.6549,104.7
2296,1.8925,34.6549,105.2
2297,1.8922,34.6552,105.2
2298,1.8921,34.6552,105.1
2299,1.8921,34.655,105.1
2300,1.8921,34.655,104.7
2301,1.8921,34.6549,103.8
2302,1.8919,34.6549,103.8
2303,1.8915,34.655,103.5
2304,1.891,34.6551,103.4
2305,1.8904,34.655,103.3
2306,1.8897,34.6552,103.5
2307,1.8896,34.6553,104
2308,1.8897,34.6552,104.7
2309,1.8893,34.6553,104.9
2310,1.8887,34.6552,105.4
2311,1.8884,34.6552,105.6
2312,1.8877,34.6553,105.6
2313,1.886,34.6554,105.4
2314,1.8839,34.6556,104.9
2315,1.8836,34.6556,104.5
2316,1.8827,34.6558,104.1
2317,1.8824,34.6557,104.1
2318,1.8825,34.6556,104.8
2319,1.8824,34.6555,105.7
2320,1.882,34.6556,106.5
2321,1.8817,34.6557,107.7
2322,1.8816,34.6557,108.8
2323,1.8816,34.6557,109.7
2324,1.8816,34.6558,110.1
2325,1.8816,34.6557,110.2
2326,1.8812,34.6557,109.9
2327,1.8808,34.6558,109.1
2328,1.88,34.6558,107.4
2329,1.8795,34.6558,106.3
2330,1.8786,34.6559,106.2
2331,1.8774,34.6559,106.6
2332,1.8762,34.6561,106.6
2333,1.875,34.6563,106.6
2334,1.8747,34.6563,106.9
2335,1.8735,34.6562,107.9
2336,1.8721,34.6562,108.5
2337,1.8712,34.6563,108.3
2338,1.8707,34.6562,108.2
2339,1.8689,34.6565,108.2
2340,1.8673,34.6566,108.2
2341,1.8661,34.6568,108
2342,1.8642,34.6567,107.6
2343,1.8629,34.6569,107.8
2344,1.8616,34.657,108.9
2345,1.8614,34.6569,109.3
2346,1.861,34.6568,109.6
2347,1.8603,34.657,109.8
2348,1.8596,34.6571,109.8
2349,1.8592,34.657,109.5
2350,1.8584,34.6571,108.6
2351,1.8578,34.6572,107.3
2352,1.8567,34.6572,107.2
2353,1.8557,34.6575,107.2
2354,1.8555,34.6574,107.5
2355,1.8556,34.6573,107.9
2356,1.8557,34.6573,108.3
2357,1.8548,34.6573,109.1
2358,1.8532,34.6573,109.8
2359,1.8529,34.6575,110.3
2360,1.8529,34.6575,110.5
2361,1.8528,34.6577,110.6
2362,1.853,34.6576,110
2363,1.8527,34.6576,109.2
2364,1.8522,34.6577,108.3
2365,1.8521,34.6576,108.1
2366,1.8516,34.6577,108.3
2367,1.8511,34.6577,108.7
2368,1.8511,34.6577,109.2
2369,1.851,34.6577,110.1
2370,1.8507,34.6578,110.7
2371,1.8502,34.6577,111.1
2372,1.8497,34.6578,111.3
2373,1.8494,34.658,111.4
2374,1.849,34.6579,111.1
2375,1.8485,34.658,110.2
2376,1.8479,34.6579,109.4
2377,1.8458,34.6581,109
2378,1.8429,34.6582,108.9
2379,1.8415,34.6583,109
2380,1.841,34.6584,109.2
2381,1.8405,34.6583,109.5
2382,1.8388,34.6584,110.1
2383,1.8382,34.6586,110.3
2384,1.8383,34.6586,110.9
2385,1.8381,34.6585,111.1
2386,1.8379,34.6586,111.3
2387,1.8372,34.6587,111.4
2388,1.8367,34.6588,111.6
2389,1.8364,34.6588,112
2390,1.8358,34.6587,112.3
2391,1.8345,34.6586,112
2392,1.834,34.6589,112.3
2393,1.8341,34.6586,112.3
2394,1.8336,34.6588,112.6
2395,1.8323,34.659,112.5
2396,1.8309,34.659,112.3
2397,1.8305,34.659,112.3
2398,1.8303,34.659,111.9
2399,1.8301,34.6591,111.1
2400,1.8298,34.6591,110.8
2401,1.8294,34.6592,110
2402,1.8295,34.6591,109.7
2403,1.8296,34.6592,109.3
2404,1.8294,34.6591,108.6
2405,1.8293,34.6592,108.5
2406,1.8292,34.6593,108.9
2407,1.8289,34.6592,109.4
2408,1.8283,34.6594,110.6
2409,1.8277,34.6595,110.9
2410,1.8271,34.6593,111.5
2411,1.8268,34.6594,111.6
2412,1.8269,34.6594,111.5
2413,1.8269,34.6593,111.4
2414,1.8268,34.6594,111.5
2415,1.8269,34.6594,111.2
2416,1.8268,34.6595,111.6
2417,1.8267,34.6596,111.6
2418,1.8267,34.6596,111.9
2419,1.827,34.6595,112.2
2420,1.8271,34.6595,112.3
2421,1.8269,34.6596,111.6
2422,1.8269,34.6595,111.3
2423,1.8268,34.6595,110.9
2424,1.8262,34.6596,111.1
2425,1.8258,34.6596,111.1
2426,1.826,34.6594,111.5
2427,1.8246,34.6596,112
2428,1.8243,34.6595,113
2429,1.8238,34.6596,113.5
2430,1.8235,34.6598,113.8
2431,1.823,34.6598,114
2432,1.8224,34.6599,114
2433,1.8218,34.6598,113.7
2434,1.8206,34.6599,112.9
2435,1.8189,34.6599,111.9
2436,1.8174,34.6601,111.7
2437,1.817,34.6601,111.7
2438,1.8166,34.6601,111.7
2439,1.816,34.6602,111.9
2440,1.8153,34.6601,112.3
2441,1.8131,34.6602,112.9
2442,1.8123,34.6605,113.3
2443,1.8121,34.6604,113.8
2444,1.8118,34.6605,114.2
2445,1.812,34.6604,114.5
2446,1.812,34.6605,114.3
2447,1.8121,34.6605,113.6
2448,1.8121,34.6606,113.1
2449,1.8121,34.6605,112.9
2450,1.8121,34.6604,112.9
2451,1.8122,34.6604,112.9
2452,1.8117,34.6605,113.2
2453,1.8109,34.6604,113.9
2454,1.8104,34.6605,114.8
2455,1.8086,34.6607,115.2
2456,1.807,34.6607,115.5
2457,1.8059,34.6608,115.6
2458,1.8058,34.661,115.5
2459,1.806,34.6608,115.1
2460,1.8059,34.6608,114
2461,1.8048,34.6609,113.2
2462,1.8027,34.661,113.2
2463,1.8018,34.6612,113.2
2464,1.801,34.661,113.4
2465,1.8006,34.6611,113.6
2466,1.7998,34.661,114.1
2467,1.7998,34.6611,114.9
2468,1.7998,34.6612,115.2
2469,1.7995,34.6612,115.7
2470,1.7993,34.6614,116.1
2471,1.7994,34.6612,116.2
2472,1.7991,34.6613,116.1
2473,1.7983,34.6614,115.1
2474,1.7977,34.6614,114.3
2475,1.797,34.6614,114.3
2476,1.7966,34.6615,114.2
2477,1.7967,34.6614,114.3
2478,1.7966,34.6615,114.7
2479,1.7966,34.6613,115.1
2480,1.7965,34.6614,116.2
2481,1.7965,34.6614,116.7
2482,1.7966,34.6615,116.7
2483,1.7967,34.6613,116.5
2484,1.7967,34.6614,116.3
2485,1.7968,34.6612,116.1
2486,1.7967,34.6615,115.8
2487,1.7968,34.6615,115.3
2488,1.7967,34.6616,115.7
2489,1.7966,34.6616,116.6
2490,1.7964,34.6615,117.2
2491,1.7962,34.6617,117.6
2492,1.7961,34.6617,117.9
2493,1.7963,34.6616,117.9
2494,1.7964,34.6614,117.6
2495,1.7964,34.6614,116.8
2496,1.7963,34.6616,115.9
2497,1.7963,34.6616,115.5
2498,1.7954,34.6615,115.8
2499,1.7942,34.6616,116
2500,1.7944,34.6615,116
2501,1.7931,34.6617,116.3
2502,1.7922,34.6618,116.9
2503,1.7918,34.662,117.1
2504,1.7918,34.6618,117.5
2505,1.7915,34.6618,117.6
2506,1.7911,34.662,117.9
2507,1.7907,34.662,118
2508,1.7908,34.6619,117.7
2509,1.7899,34.6618,117.4
2510,1.7889,34.6619,117.5
2511,1.7884,34.662,117.3
2512,1.7879,34.6622,117.2
2513,1.7876,34.6621,116.8
2514,1.7865,34.6622,116.7
2515,1.7857,34.6623,117
2516,1.7851,34.6623,117.4
2517,1.7838,34.6624,117.9
2518,1.7832,34.6624,118.2
2519,1.7829,34.6624,118.3
2520,1.7812,34.6625,118.3
2521,1.7809,34.6625,118.1
2522,1.7799,34.6626,117.7
2523,1.7791,34.6626,117.5
2524,1.7788,34.6626,117.5
2525,1.7782,34.6628,117.6
2526,1.7782,34.6626,117.5
2527,1.7782,34.6626,117.7
2528,1.7781,34.6626,118
2529,1.7782,34.6629,118.2
2530,1.778,34.663,118.2
2531,1.7781,34.6629,118
2532,1.778,34.663,118
2533,1.7782,34.6629,118.1
2534,1.7783,34.6629,117.9
2535,1.7784,34.6628,117.9
2536,1.7782,34.6629,118.2
2537,1.7782,34.6629,118.5
2538,1.7781,34.6628,118.7
2539,1.7777,34.663,118.3
2540,1.7773,34.6629,118
2541,1.777,34.6629,118
2542,1.7765,34.663,118
2543,1.7765,34.6629,117.9
2544,1.7758,34.6629,117.6
2545,1.7755,34.663,117.7
2546,1.7752,34.6631,117.9
2547,1.7749,34.6631,118.2
2548,1.7747,34.6632,118.2
2549,1.7744,34.6632,118.1
2550,1.7742,34.6632,118
2551,1.7738,34.6633,118.2
2552,1.7733,34.6632,118.2
2553,1.7726,34.6633,118.3
2554,1.7723,34.6633,118.5
2555,1.7726,34.6632,118.9
2556,1.7724,34.6632,119.3
2557,1.7726,34.6632,119.6
2558,1.7724,34.6632,119.8
2559,1.7724,34.6634,120.3
2560,1.7722,34.6633,120.6
2561,1.772,34.6635,120.4
2562,1.7716,34.6635,119.8
2563,1.7715,34.6635,119.3
2564,1.7709,34.6634,118.9
2565,1.7708,34.6633,118.9
2566,1.7708,34.6634,119
2567,1.7704,34.6635,119
2568,1.7702,34.6635,119
2569,1.7701,34.6636,119
2570,1.7701,34.6636,119
2571,1.7702,34.6635,119.1
2572,1.7702,34.6635,119.1
2573,1.7701,34.6635,119.1
2574,1.7701,34.6635,119.1
2575,1.7703,34.6634,119.1
2576,1.7698,34.6636,119.1
2577,1.7695,34.6636,119.1
2578,1.7691,34.6637,119.2
2579,1.7693,34.6635,119.2
2580,1.7692,34.6635,119.2
2581,1.7692,34.6635,119.2
2582,1.7689,34.6637,119.2
2583,1.7689,34.6636,119.3
2584,1.7689,34.6638,119.3
2585,1.768,34.6639,119.3
2586,1.768,34.6638,119.3
2587,1.766,34.6639,119.3
2588,1.766,34.6639,119.3
2589,1.7661,34.6639,119.4
2590,1.7662,34.6639,119.4
2591,1.7662,34.6639,119.4
2592,1.7662,34.664,119.4
2593,1.7663,34.664,119.4
2594,1.7663,34.6638,119.4
2595,1.7662,34.6638,119.4
2596,1.766,34.6638,119.6
2597,1.766,34.6639,119.5
2598,1.7661,34.664,119.5
2599,1.7665,34.6639,119.5
2600,1.7655,34.6641,119.7
2601,1.7647,34.6639,120
2602,1.7639,34.6639,120.1
2603,1.7636,34.664,120
2604,1.7634,34.6641,120.1
2605,1.7633,34.664,119.7
2606,1.7634,34.6641,119.1
2607,1.7634,34.664,118.6
2608,1.7628,34.6642,118.2
2609,1.7623,34.6642,118.2
2610,1.7621,34.6641,118.2
2611,1.7623,34.6641,118.1
2612,1.762,34.6641,118.4
2613,1.7607,34.6643,118.9
2614,1.7606,34.6642,119.2
2615,1.7605,34.6643,119.5
2616,1.7595,34.6644,119.3
2617,1.7586,34.6642,119.2
2618,1.7583,34.6643,118.9
2619,1.758,34.6646,118.5
2620,1.7568,34.6645,118.3
2621,1.7559,34.6646,118.6
2622,1.756,34.6647,118.9
2623,1.7561,34.6646,119.3
2624,1.7563,34.6645,119.3
2625,1.756,34.6645,119.4
2626,1.7555,34.6646,119.4
2627,1.7556,34.6644,119.4
2628,1.7553,34.6646,119.4
2629,1.7551,34.6646,119.5
2630,1.7552,34.6645,119.5
2631,1.7548,34.6646,119.5
2632,1.754,34.6647,119.5
2633,1.7541,34.6647,119.5
2634,1.7537,34.6647,119.5
2635,1.7528,34.6649,119.5
2636,1.7528,34.6649,119.6
2637,1.7525,34.6647,119.6
2638,1.7523,34.6647,119.6
2639,1.7519,34.6647,119.6
2640,1.7517,34.6649,119.6
2641,1.7517,34.6649,119.6
2642,1.7518,34.6649,119.6
2643,1.7517,34.6649,119.7
2644,1.7515,34.6649,119.7
2645,1.7514,34.665,119.7
2646,1.7514,34.665,119.7
2647,1.7513,34.6649,120
2648,1.7513,34.665,120.3
2649,1.7514,34.665,120.2
2650,1.7514,34.6649,120.1
2651,1.7515,34.6648,120
2652,1.7508,34.6649,119.7
2653,1.7507,34.6649,119.6
2654,1.7505,34.665,118.9
2655,1.7493,34.6652,118.6
2656,1.7491,34.6652,118.5
2657,1.7486,34.6653,118.7
2658,1.7483,34.6653,118.7
2659,1.748,34.6652,119
2660,1.7477,34.6651,119.2
2661,1.7473,34.6652,119.9
2662,1.7474,34.6654,120.2
2663,1.7474,34.6652,120.1
2664,1.7473,34.6654,119.9
2665,1.747,34.6653,120
2666,1.7473,34.6652,119.8
2667,1.7471,34.6653,119.6
2668,1.7471,34.6652,119.2
2669,1.7473,34.6652,118.8
2670,1.7472,34.6654,118.8
2671,1.7473,34.6653,119
2672,1.7474,34.6653,118.7
2673,1.7475,34.6652,119
2674,1.7474,34.6654,118.9
2675,1.7476,34.6652,119.2
2676,1.7475,34.6655,119.6
2677,1.7477,34.6653,120
2678,1.7477,34.6654,119.9
2679,1.7478,34.6654,120
2680,1.7479,34.6653,120
2681,1.7477,34.6653,120.1
2682,1.7476,34.6654,119.9
2683,1.7475,34.6655,119.6
2684,1.7461,34.6656,118.9
2685,1.7451,34.6656,118.8
2686,1.745,34.6657,118.3
2687,1.7451,34.6656,117.9
2688,1.7452,34.6656,117.5
2689,1.7453,34.6656,117.6
2690,1.7452,34.6655,117.9
2691,1.7448,34.6656,118.4
2692,1.7449,34.6656,118.5
2693,1.7448,34.6658,119
2694,1.745,34.6657,119.3
2695,1.745,34.6656,119.3
2696,1.7449,34.6656,119.6
2697,1.7451,34.6655,120.2
2698,1.7439,34.6658,120.3
2699,1.743,34.6658,120.3
2700,1.7431,34.6657,120
2701,1.743,34.6658,119.6
2702,1.743,34.6658,119.2
2703,1.7432,34.6657,118.5
2704,1.7432,34.6657,117.6
2705,1.7407,34.6659,117.3
2706,1.7404,34.6659,117
2707,1.7405,34.6659,116.9
2708,1.7404,34.6661,117.1
2709,1.7406,34.666,117.6
2710,1.7407,34.6659,118.4
2711,1.7407,34.6661,119.1
2712,1.7408,34.6659,119
2713,1.7409,34.6659,119.5
2714,1.741,34.666,119.9
2715,1.7409,34.6659,120
2716,1.741,34.6658,119.9
2717,1.7406,34.666,119.6
2718,1.7396,34.666,119.2
2719,1.7382,34.666,118.8
2720,1.737,34.6664,117.9
2721,1.7371,34.6662,117.2
2722,1.737,34.6661,116.9
2723,1.7368,34.6661,116.7
2724,1.7365,34.6663,116.6
2725,1.7364,34.6662,116.9
2726,1.7364,34.6663,117.4
2727,1.7364,34.6664,118.3
2728,1.7365,34.6664,118.7
2729,1.7366,34.6663,118.7
2730,1.7366,34.6662,118.9
2731,1.7362,34.6662,119.5
2732,1.7358,34.6664,119.7
2733,1.7354,34.6663,119.7
2734,1.7349,34.6663,119.4
2735,1.7347,34.6664,119.1
2736,1.7342,34.6666,118.6
2737,1.7336,34.6666,118
2738,1.7336,34.6664,117.1
2739,1.7335,34.6666,116.7
2740,1.7336,34.6665,116.4
2741,1.7337,34.6664,116.3
2742,1.7336,34.6665,116.5
2743,1.7337,34.6663,116.9
2744,1.7336,34.6666,117.6
2745,1.7337,34.6666,118.4
2746,1.7336,34.6665,118.4
2747,1.7335,34.6664,118.7
2748,1.7334,34.6665,119.2
2749,1.7335,34.6665,119.4
2750,1.7334,34.6667,119.3
2751,1.7334,34.6666,119.1
2752,1.7333,34.6668,118.7
2753,1.7334,34.6667,118.3
2754,1.7334,34.6667,117.5
2755,1.7334,34.6667,116.7
2756,1.7335,34.6665,116.3
2757,1.7334,34.6666,116
2758,1.7333,34.6667,116
2759,1.7334,34.6666,116.1
2760,1.7334,34.6666,116.6
2761,1.7335,34.6665,117.4
2762,1.7334,34.6666,118
2763,1.7333,34.6666,118.1
2764,1.7334,34.6666,118.1
2765,1.7334,34.6666,118.2
2766,1.7334,34.6668,118.4
2767,1.7334,34.6667,118.7
2768,1.7334,34.6667,118.5
2769,1.7335,34.6666,118.5
2770,1.7334,34.6668,118.4
2771,1.7332,34.6668,118.3
2772,1.733,34.6668,118.1
2773,1.7328,34.6667,117.8
2774,1.7329,34.6667,117.4
2775,1.7331,34.6666,117.4
2776,1.7331,34.6667,117
2777,1.7329,34.6668,116.8
2778,1.7329,34.6667,116.7
2779,1.7331,34.6667,116.8
2780,1.733,34.6668,116.9
2781,1.7329,34.6668,116.9
2782,1.7327,34.6668,116.7
2783,1.7331,34.6666,117
2784,1.7331,34.6668,117.2
2785,1.7332,34.6667,117.4
2786,1.7333,34.6666,117.7
2787,1.7328,34.6668,117.8
2788,1.733,34.6666,117.9
2789,1.7328,34.6668,117.9
2790,1.7327,34.6669,117.9
2791,1.7326,34.6669,118.1
2792,1.7322,34.6669,118.4
2793,1.7321,34.6669,118.6
2794,1.7316,34.6669,118.7
2795,1.7305,34.6669,118.6
2796,1.7296,34.667,118.3
2797,1.7298,34.6669,117.9
2798,1.7295,34.667,117.4
2799,1.7297,34.667,116.7
2800,1.7301,34.6669,116.2
2801,1.7304,34.667,115.8
2802,1.7305,34.6668,115.6
2803,1.7303,34.667,115.7
2804,1.7302,34.667,116
2805,1.7299,34.6669,116.5
2806,1.7303,34.667,117.1
2807,1.7305,34.6671,117.3
2808,1.7307,34.6672,117.6
2809,1.7307,34.667,117.6
2810,1.7306,34.667,117.6
2811,1.7302,34.667,117.6
2812,1.7305,34.6669,117.6
2813,1.7303,34.6671,117.7
2814,1.7307,34.667,117.7
2815,1.7306,34.667,117.9
2816,1.7304,34.6671,118.1
2817,1.7308,34.667,118.2
2818,1.7307,34.6672,118.1
2819,1.7306,34.6669,118
2820,1.7296,34.6671,117.7
2821,1.7296,34.6671,117.6
2822,1.7292,34.6671,117.3
2823,1.729,34.6672,117.3
2824,1.729,34.6671,117.2
2825,1.7287,34.6673,117
2826,1.7283,34.6672,116.9
2827,1.7275,34.6673,116.8
2828,1.7274,34.6672,116.7
2829,1.7271,34.6673,116.8
2830,1.7267,34.6674,116.5
2831,1.7268,34.6673,116.4
2832,1.7268,34.6674,116.3
2833,1.7269,34.6673,116.5
2834,1.727,34.6672,116.7
2835,1.7271,34.6672,117.1
2836,1.7272,34.6672,117.4
2837,1.7272,34.6673,117.7
2838,1.7274,34.6674,117.8
2839,1.7274,34.6674,117.8
2840,1.7276,34.6673,117.5
2841,1.7277,34.6671,117.4
2842,1.7277,34.6672,117.2
2843,1.7277,34.6674,116.9
2844,1.7278,34.6674,116.4
2845,1.7279,34.6673,116.1
2846,1.7279,34.6673,115.9
2847,1.7276,34.6675,115.9
2848,1.7275,34.6674,115.6
2849,1.7276,34.6673,115.6
2850,1.7272,34.6675,115.9
2851,1.7274,34.6673,116.3
2852,1.7272,34.6674,116.6
2853,1.7274,34.6673,116.8
2854,1.7273,34.6674,116.9
2855,1.7271,34.6676,117.1
2856,1.7268,34.6675,117.1
2857,1.727,34.6674,117.1
2858,1.7268,34.6674,117.1
2859,1.7269,34.6674,117.4
2860,1.7269,34.6674,117.8
2861,1.7268,34.6674,117.8
2862,1.7265,34.6676,117.7
2863,1.7266,34.6675,117.4
2864,1.7266,34.6675,117.4
2865,1.7266,34.6676,117.3
2866,1.7265,34.6676,116.7
2867,1.7265,34.6675,116.2
2868,1.726,34.6675,116.1
2869,1.7259,34.6676,115.8
2870,1.726,34.6674,115.7
2871,1.7257,34.6676,115.4
2872,1.7253,34.6676,115.6
2873,1.7251,34.6678,116
2874,1.7253,34.6677,116.1
2875,1.7252,34.6677,115.9
2876,1.7254,34.6675,116.1
2877,1.7255,34.6676,116.2
2878,1.7255,34.6677,116.8
2879,1.7256,34.6677,116.9
2880,1.7258,34.6676,116.9
2881,1.7259,34.6677,116.9
2882,1.7259,34.6677,117
2883,1.726,34.6676,117.1
2884,1.7258,34.6676,117.1
2885,1.7259,34.6675,117.1
2886,1.7258,34.6676,117.1
2887,1.7254,34.6679,117.3
2888,1.7255,34.6678,117.6
2889,1.7256,34.6677,117.5
2890,1.7255,34.6678,117.3
2891,1.7252,34.6678,117.1
2892,1.7251,34.6675,116.7
2893,1.7247,34.6678,116.2
2894,1.7245,34.6677,115.7
2895,1.7237,34.6678,115.2
2896,1.7236,34.6679,115
2897,1.7234,34.6678,114.9
2898,1.7232,34.6677,114.9
2899,1.7232,34.6678,115.1
2900,1.7231,34.6678,115.6
2901,1.7232,34.6679,116.2
2902,1.7234,34.6678,116.5
2903,1.7235,34.6679,116.6
2904,1.7235,34.668,116.6
2905,1.7238,34.6678,116.6
2906,1.7238,34.6679,116.7
2907,1.7242,34.6678,116.7
2908,1.7241,34.6678,116.7
2909,1.7242,34.6678,116.7
2910,1.7243,34.6679,116.7
2911,1.7245,34.6677,116.8
2912,1.7242,34.6679,117
2913,1.7239,34.6678,116.9
2914,1.7235,34.6679,117.1
2915,1.7232,34.6679,117.2
2916,1.7229,34.6679,117.4
2917,1.7229,34.6679,117.4
2918,1.723,34.6679,117.2
2919,1.723,34.6679,116.8
2920,1.7231,34.6679,116.5
2921,1.7232,34.668,115.9
2922,1.7232,34.668,115.5
2923,1.7229,34.668,114.9
2924,1.7228,34.6679,114.7
2925,1.723,34.6678,114.8
2926,1.7229,34.6682,114.8
2927,1.723,34.6681,114.9
2928,1.7231,34.6681,115.5
2929,1.7233,34.668,115.9
2930,1.7235,34.6679,116.4
2931,1.7236,34.668,116.4
2932,1.7239,34.6678,116.4
2933,1.7238,34.668,116.5
2934,1.7239,34.668,116.5
2935,1.7242,34.6679,116.5
2936,1.7244,34.6679,116.5
2937,1.7244,34.668,116.5
2938,1.7245,34.668,116.5
2939,1.7246,34.668,116.6
2940,1.7246,34.6679,116.6
2941,1.7247,34.668,116.6
2942,1.725,34.6681,116.6
2943,1.725,34.6681,116.8
2944,1.7248,34.668,117
2945,1.7251,34.6678,117.2
2946,1.7244,34.668,117.3
2947,1.7245,34.6679,117.1
2948,1.7246,34.668,116.8
2949,1.7245,34.6681,116.7
2950,1.7246,34.6681,116.4
2951,1.7247,34.668,116.1
2952,1.7249,34.668,115.6
2953,1.725,34.6679,115.3
2954,1.7249,34.6679,115.2
2955,1.7248,34.6681,115.1
2956,1.7248,34.6681,115
2957,1.7246,34.6682,115.3
2958,1.7247,34.6681,115.4
2959,1.7247,34.6682,115.6
2960,1.725,34.6682,115.5
2961,1.7251,34.6681,115.5
2962,1.7251,34.6682,115.7
2963,1.7252,34.6681,116.2
2964,1.7255,34.668,116.3
2965,1.7255,34.6681,116.3
2966,1.7256,34.6681,116.3
2967,1.7256,34.6681,116.4
2968,1.7256,34.6683,116.4
2969,1.7258,34.668,116.4
2970,1.7259,34.6681,116.4
2971,1.7259,34.6682,116.4
2972,1.7259,34.6681,116.4
2973,1.7259,34.6681,116.4
2974,1.726,34.6681,116.5
2975,1.726,34.6682,116.5
2976,1.7259,34.6683,116.8
2977,1.7261,34.6681,116.9
2978,1.726,34.6681,117.1
2979,1.726,34.668,117.3
2980,1.7259,34.668,117.1
2981,1.7261,34.668,116.8
2982,1.7263,34.6683,116.5
2983,1.7263,34.6681,116
2984,1.7264,34.6682,115.6
2985,1.7266,34.668,115
2986,1.7262,34.6681,114.6
2987,1.7262,34.6681,114.5
2988,1.7264,34.6681,114.5
2989,1.7265,34.6681,114.7
2990,1.7265,34.6682,115.1
2991,1.7266,34.6682,115.4
2992,1.7264,34.6681,115.8
2993,1.7264,34.6682,115.9
2994,1.7266,34.6683,115.8
2995,1.7268,34.6681,115.9
2996,1.7268,34.6682,116.2
2997,1.727,34.6681,116.2
2998,1.727,34.6682,116.2
2999,1.7268,34.6683,116.2
3000,1.7269,34.6683,116.2
3001,1.7271,34.6682,116.2
3002,1.7272,34.6682,116.3
3003,1.7273,34.6681,116.3
3004,1.7275,34.6681,116.3
3005,1.7276,34.668,116.3
3006,1.7276,34.6681,116.3
3007,1.7279,34.668,116.3
3008,1.7279,34.6682,116.4
3009,1.7279,34.6682,116.6
3010,1.728,34.6682,116.8
3011,1.7279,34.6683,116.9
3012,1.7279,34.6682,116.8
3013,1.728,34.6682,116.8
3014,1.728,34.6682,116.7
3015,1.7281,34.6682,116.6
3016,1.7282,34.6682,116.2
3017,1.7284,34.668,115.8
3018,1.7284,34.6682,115.3
3019,1.7284,34.6682,115.1
3020,1.7284,34.6684,114.7
3021,1.7286,34.6682,114.6
3022,1.7287,34.6682,114.6
3023,1.7287,34.6681,114.8
3024,1.7288,34.6681,115
3025,1.7288,34.6683,115.2
3026,1.729,34.6682,115.2
3027,1.7291,34.6682,115.6
3028,1.7291,34.6683,115.8
3029,1.7292,34.6682,116
3030,1.7291,34.6684,116.1
3031,1.729,34.6682,116.1
3032,1.7291,34.6682,116.1
3033,1.7291,34.6683,116.1
3034,1.7287,34.6684,116.1
3035,1.7287,34.6682,116.1
3036,1.7287,34.6683,116.1
3037,1.7284,34.6685,116.2
3038,1.7284,34.6684,116.2
3039,1.7284,34.6683,116.2
3040,1.7279,34.6684,116.2
3041,1.7275,34.6683,116.2
3042,1.7265,34.6684,116.5
3043,1.727,34.6684,116.6
3044,1.7265,34.6683,116.7
3045,1.7266,34.6683,116.8
3046,1.7267,34.6684,116.6
3047,1.7269,34.6684,116.5
3048,1.7271,34.6684,116.2
3049,1.7271,34.6684,115.6
3050,1.7272,34.6684,115.5
3051,1.7273,34.6684,115.2
3052,1.7273,34.6685,115
3053,1.7275,34.6684,115
3054,1.7276,34.6684,115.1
3055,1.7277,34.6684,115.4
3056,1.7277,34.6685,115.8
3057,1.7275,34.6685,115.7
3058,1.7274,34.6684,116.3
3059,1.7274,34.6683,116.6
3060,1.7276,34.6684,116.7
3061,1.7275,34.6682,117
3062,1.7271,34.6685,117
3063,1.7265,34.6685,117.2
3064,1.7266,34.6686,117.2
3065,1.7268,34.6685,116.4
3066,1.727,34.6686,116.1
3067,1.7273,34.6685,115.6
3068,1.7269,34.6685,115.2
3069,1.7255,34.6686,114.8
3070,1.7253,34.6686,114.6
3071,1.7251,34.6686,114.8
3072,1.7255,34.6685,115.3
3073,1.7251,34.6685,115.3
3074,1.7252,34.6686,115.7
3075,1.7252,34.6685,116
3076,1.7252,34.6686,116.3
3077,1.7253,34.6686,116.2
3078,1.7253,34.6686,116.4
3079,1.7254,34.6686,116.6
3080,1.7253,34.6687,116.9
3081,1.7257,34.6686,116.9
3082,1.7258,34.6687,116.7
3083,1.726,34.6686,116.3
3084,1.7258,34.6687,116.1
3085,1.726,34.6687,115.4
3086,1.726,34.6687,114.9
3087,1.7264,34.6685,114.3
3088,1.7262,34.6684,114
3089,1.7261,34.6686,113.9
3090,1.7261,34.6689,114
3091,1.726,34.6685,114.2
3092,1.7256,34.6687,114.8
3093,1.7256,34.6686,115.2
3094,1.7255,34.6687,115.7
3095,1.7257,34.6687,115.8
3096,1.7259,34.6686,115.8
3097,1.7255,34.6687,115.8
3098,1.7248,34.6687,115.8
3099,1.7246,34.6687,115.8
3100,1.7245,34.6688,115.9
3101,1.7246,34.6688,115.9
3102,1.7245,34.6687,115.9
3103,1.7236,34.6689,115.9
3104,1.7236,34.6687,115.9
3105,1.7239,34.6687,115.9
3106,1.7243,34.6687,115.9
3107,1.724,34.6687,116
3108,1.724,34.6688,116
3109,1.7239,34.6689,116.2
3110,1.7236,34.669,116.4
3111,1.7235,34.6689,116.5
3112,1.7242,34.6687,116.4
3113,1.7241,34.6688,116.3
3114,1.7231,34.6688,116.3
3115,1.7227,34.6689,116.3
3116,1.7225,34.6689,116
3117,1.7225,34.669,115.7
3118,1.7225,34.6688,115.2
3119,1.7222,34.6687,115
3120,1.7221,34.6689,114.7
3121,1.7225,34.6688,114.3
3122,1.7223,34.6689,114.2
3123,1.7224,34.6689,114.4
3124,1.7224,34.669,114.5
3125,1.7225,34.669,114.6
3126,1.7229,34.6689,114.6
3127,1.7228,34.6689,115
3128,1.7231,34.6689,115.5
3129,1.7226,34.6688,115.7
3130,1.7222,34.6688,115.7
3131,1.7224,34.6689,115.7
3132,1.7224,34.669,115.7
3133,1.7221,34.6689,115.7
3134,1.7221,34.669,115.8
3135,1.7218,34.669,115.8
END_DATA,,,
